canonical_smiles,y_true,y_pred,absolute_error
Clc1c(Cl)c(Cl)c2c(c1Cl)Oc1c(Cl)c(Cl)c(Cl)c(Cl)c1O2,-4.53,-7.151517586467651,2.6215175864676503
Clc1c(Cl)c(Cl)c2c(c1Cl)Oc1ccccc1O2,-3.81,-6.048706626455743,2.2387066264557434
Clc1cc(Cl)c2c(c1Cl)Oc1ccccc1O2,-4.05,-5.054575631089705,1.004575631089705
Clc1cc2c(cc1Cl)Oc1c(Cl)c(Cl)c(Cl)c(Cl)c1O2,-3.71,-6.26711643992555,2.55711643992555
Clc1cc2c(cc1Cl)Oc1cc(Cl)c(Cl)cc1O2,-3.37,-5.638792928542362,2.2687929285423616
Clc1cc2c(cc1Cl)Oc1ccccc1O2,-3.56,-5.454921979791829,1.8949219797918286
Clc1ccc2c(c1)Oc1c(Cl)c(Cl)c(Cl)c(Cl)c1O2,-4.15,-6.332486780157101,2.1824867801571006
Clc1ccc2c(c1)Oc1cc(Cl)c(Cl)c(Cl)c1O2,-3.84,-5.8130975326463865,1.9730975326463867
Clc1ccc2c(c1)Oc1ccc(Cl)cc1O2,-3.67,-5.763917496820817,2.0939174968208167
Clc1ccc2c(c1)Oc1ccccc1O2,-3.1,-5.648887873836788,2.548887873836788
Clc1cccc2c1Oc1ccccc1O2,-3.52,-5.394447121156744,1.8744471211567437
c1ccc2c(c1)Oc1ccccc1O2,-3.15,-5.544879317595958,2.3948793175959584
CC[C@H](C)n1c(=O)[nH]c(C)c(Br)c1=O,-9.73,-8.696778931372824,1.033221068627176
Cc1[nH]c(=O)n(C(C)(C)C)c(=O)c1Cl,-11.14,-9.617976180093125,1.5220238199068756
O=c1[nH]cc(Br)c(=O)[nH]1,-18.17,-12.084247375612524,6.085752624387478
O=c1[nH]cc(C(F)(F)F)c(=O)[nH]1,-15.46,-10.519838596756408,4.940161403243593
O=c1[nH]cc(Cl)c(=O)[nH]1,-17.74,-11.57830364464439,6.161696355355609
O=c1[nH]cc(F)c(=O)[nH]1,-16.92,-11.95609122960328,4.963908770396722
O=c1[nH]cc(I)c(=O)[nH]1,-18.72,-12.289162353253921,6.4308376467460775
O=c1cc(Cl)[nH]c(=O)[nH]1,-15.83,-12.281958663419722,3.548041336580278
C1CC1,0.75,0.6347145814608742,0.11528541853912577
CC(=O)C1CC1,-4.61,-3.877937849789728,0.7320621502102722
COC(=O)C1CC1,-4.1,-4.056121419843481,0.04387858015651869
C1CCOC1,-3.47,-2.9257713679758255,0.5442286320241747
C[C@H]1CC[C@H](C)O1,-2.92,-2.645017533156076,0.274982466843924
C[C@H]1CCCO1,-3.3,-3.6805381858462196,0.3805381858462198
Cc1c[nH]cn1,-10.27,-6.4781486529020995,3.7918513470979
Cn1ccnc1,-8.41,-4.526633498874018,3.883366501125982
c1c[nH]cn1,-9.63,-7.32216913129872,2.3078308687012807
Cc1cccs1,-1.38,-1.1060319688413567,0.2739680311586432
c1ccsc1,-1.4,-1.230800047434009,0.16919995256599085
C1COCCN1,-7.17,-6.488186265594699,0.681813734405301
CN1CCOCC1,-6.32,-5.448031079192822,0.8719689208071779
C1CCNC1,-5.48,-4.909833279601385,0.5701667203986158
CC(=O)N1CCCC1,-9.8,-6.711814458815662,3.0881855411843384
c1ccc2ncccc2c1,-5.72,-4.15499860290622,1.5650013970937797
c1ccc2c(c1)Cc1ccccc1-2,-3.35,-2.4848594481159103,0.8651405518840898
c1ccc(Oc2ccccc2)cc1,-2.87,-3.4055669700937705,0.5355669700937704
O=C1C=CC(=O)C=C1,-6.5,-4.361033272327699,2.138966727672301
O=S1OC[C@@H]2[C@H](CO1)[C@]1(Cl)C(Cl)=C(Cl)[C@@]2(Cl)C1(Cl)Cl,-4.23,-7.473687142131146,3.2436871421311455
Nc1cnn(-c2ccccc2)c(=O)c1Cl,-16.43,-10.006626060565832,6.423373939434168
[O-][S+2]1([O-])CCCC1,-8.61,-6.16805721542786,2.4419427845721398
c1ccc2c(c1)Cc1ccccc1C2,-3.78,-2.064787790770075,1.7152122092299247
Cn1c(=O)c2c(ncn2C)n(C)c1=O,-12.64,-10.64348695294716,1.99651304705284
C1CNC1,-5.56,-4.890315947613223,0.6696840523867769
c1cc2ccc3cccc4ccc(c1)c2c34,-4.52,-4.165514269383302,0.3544857306166973
