canonical_smiles,identity_smiles,scaffold,name,value,source_datasets,source_observation_count,split
BrC(Br)Br,BrC(Br)Br,,bromoform,-2.13,FreeSolv,1,train
BrCBr,BrCBr,,dibromomethane,-1.96,FreeSolv,1,train
BrCCBr,BrCCBr,,"1,2-dibromoethane",-2.33,FreeSolv,1,train
C,C,,methane,2.0,FreeSolv,1,train
C#CC,C#CC,,prop-1-yne,-0.48,FreeSolv,1,train
C#CCC,C#CCC,,but-1-yne,-0.16,FreeSolv,1,train
C#CCCC,C#CCCC,,pent-1-yne,0.01,FreeSolv,1,train
C#CCCCC,C#CCCCC,,hex-1-yne,0.29,FreeSolv,1,train
C#CCCCCC,C#CCCCCC,,hept-1-yne,0.6,FreeSolv,1,train
C#CCCCCCC,C#CCCCCCC,,oct-1-yne,0.71,FreeSolv,1,train
C=C,C=C,,ethylene,1.28,FreeSolv,1,train
C=C(C)C,C=C(C)C,,2-methylprop-1-ene,1.16,FreeSolv,1,train
C=C(C)C(=C)C,C=C(C)C(=C)C,,"2,3-dimethylbuta-1,3-diene",0.4,FreeSolv,1,train
C=C(C)CCC,C=C(C)CCC,,2-methylpent-1-ene,1.47,FreeSolv,1,train
C=C(Cl)Cl,C=C(Cl)Cl,,"1,1-dichloroethylene",0.25,FreeSolv,1,train
C=CC,C=CC,,prop-1-ene,1.32,FreeSolv,1,train
C=CC(=C)C,C=CC(=C)C,,isoprene,0.68,FreeSolv,1,train
C=C[C@@](C)(CCC=C(C)C)OC(C)=O,C=CC(C)(CCC=C(C)C)OC(C)=O,,"(3R)-3,7-Dimethylocta-1,6-dien-3-yl acetate",-2.49,FreeSolv,1,train
C=CC(C)C,C=CC(C)C,,3-methylbut-1-ene,1.83,FreeSolv,1,train
C=CC=C,C=CC=C,,butadiene,0.56,FreeSolv,1,train
C=CCC,C=CCC,,but-1-ene,1.38,FreeSolv,1,train
C=CCC=C,C=CCC=C,,"penta-1,4-diene",0.93,FreeSolv,1,train
C=CCCC,C=CCCC,,pent-1-ene,1.68,FreeSolv,1,train
C=CCCC=C,C=CCCC=C,,"hexa-1,5-diene",1.01,FreeSolv,1,train
C=CCCCC,C=CCCCC,,hex-1-ene,1.58,FreeSolv,1,train
C=CCCCCC,C=CCCCCC,,hept-1-ene,1.66,FreeSolv,1,train
C=CCCCCCC,C=CCCCCCC,,oct-1-ene,1.92,FreeSolv,1,train
C=CCCCCCCC,C=CCCCCCCC,,non-1-ene,2.06,FreeSolv,1,train
C=CCCl,C=CCCl,,3-chloroprop-1-ene,-0.57,FreeSolv,1,train
C=CCO,C=CCO,,prop-2-en-1-ol,-5.03,FreeSolv,1,train
C=CCl,C=CCl,,chloroethylene,-0.59,FreeSolv,1,train
C=O,C=O,,formaldehyde,-2.75,FreeSolv,1,train
CBr,CBr,,bromomethane,-0.82,FreeSolv,1,train
CC,CC,,ethane,1.83,FreeSolv,1,train
CC#N,CC#N,,acetonitrile,-3.88,FreeSolv,1,train
CC(=O)C(C)(C)C,CC(=O)C(C)(C)C,,"3,3-dimethylbutan-2-one",-3.11,FreeSolv,1,train
CC(=O)C(C)C,CC(=O)C(C)C,,3-methylbutan-2-one,-3.24,FreeSolv,1,train
CC(=O)CC(C)C,CC(=O)CC(C)C,,4-methylpentan-2-one,-3.05,FreeSolv,1,train
CC(=O)CO[N+](=O)[O-],CC(=O)CO[N+](=O)[O-],,nitroxyacetone,-5.99,FreeSolv,1,train
CC(=O)O,CC(=O)O,,acetic acid,-6.69,FreeSolv,1,train
CC(=O)OC(C)C,CC(=O)OC(C)C,,isopropyl acetate,-2.64,FreeSolv,1,train
CC(=O)OC(C)OC(C)=O,CC(=O)OC(C)OC(C)=O,,1-acetoxyethyl acetate,-4.97,FreeSolv,1,train
CC(=O)OCC(C)C,CC(=O)OCC(C)C,,isobutyl acetate,-2.36,FreeSolv,1,train
CC(=O)OCC(COC(C)=O)OC(C)=O,CC(=O)OCC(COC(C)=O)OC(C)=O,,"2,3-diacetoxypropyl acetate",-8.84,FreeSolv,1,train
CC(=O)OCCC(C)C,CC(=O)OCCC(C)C,,isopentyl acetate,-2.21,FreeSolv,1,train
CC(=O)OCCOC(C)=O,CC(=O)OCCOC(C)=O,,2-acetoxyethyl acetate,-6.34,FreeSolv,1,train
CC(C)(C)Br,CC(C)(C)Br,,2-bromo-2-methyl-propane,0.84,FreeSolv,1,train
CC(C)(C)C,CC(C)(C)C,,neopentane,2.51,FreeSolv,1,train
CC(C)(C)Cl,CC(C)(C)Cl,,2-chloro-2-methyl-propane,1.09,FreeSolv,1,train
CC(C)(C)O,CC(C)(C)O,,2-methylpropan-2-ol,-4.47,FreeSolv,1,train
CC(C)=CCC/C(C)=C/CO,CC(C)=CCCC(C)=CCO,,"(2E)-3,7-dimethylocta-2,6-dien-1-ol",-4.615,FreeSolv,2,train
CC(C)=O,CC(C)=O,,acetone,-3.8,FreeSolv,1,train
CC(C)Br,CC(C)Br,,2-bromopropane,-0.48,FreeSolv,1,train
CC(C)C,CC(C)C,,isobutane,2.3,FreeSolv,1,train
CC(C)C(=O)C(C)C,CC(C)C(=O)C(C)C,,"2,4-dimethylpentan-3-one",-2.74,FreeSolv,1,train
CC(C)C(C)C,CC(C)C(C)C,,"2,3-dimethylbutane",2.34,FreeSolv,1,train
CC(C)C(C)C(C)C,CC(C)C(C)C(C)C,,"2,3,4-trimethylpentane",2.56,FreeSolv,1,train
CC(C)C=O,CC(C)C=O,,2-methylpropanal,-2.86,FreeSolv,1,train
CC(C)CBr,CC(C)CBr,,1-bromo-2-methyl-propane,-0.03,FreeSolv,1,train
CC(C)CC(=O)O,CC(C)CC(=O)O,,3-methylbutanoic acid,-6.09,FreeSolv,1,train
CC(C)CC(C)(C)C,CC(C)CC(C)(C)C,,"2,2,4-trimethylpentane",2.89,FreeSolv,1,train
CC(C)CC(C)C,CC(C)CC(C)C,,"2,4-dimethylpentane",2.83,FreeSolv,1,train
CC(C)C[C@@H](C)O,CC(C)CC(C)O,,4-methylpentan-2-ol,-3.73,FreeSolv,1,train
CC(C)CCC(C)(C)C,CC(C)CCC(C)(C)C,,"2,2,5-trimethylhexane",2.93,FreeSolv,1,train
CC(C)CCO,CC(C)CCO,,3-methylbutan-1-ol,-4.42,FreeSolv,1,train
CC(C)CCOC=O,CC(C)CCOC=O,,isopentyl formate,-2.13,FreeSolv,1,train
CC(C)CO,CC(C)CO,,2-methylpropan-1-ol,-4.5,FreeSolv,1,train
CC(C)COC(=O)C(C)C,CC(C)COC(=O)C(C)C,,isobutyl 2-methylpropanoate,-1.69,FreeSolv,1,train
CC(C)COC=O,CC(C)COC=O,,isobutyl formate,-2.22,FreeSolv,1,train
CC(C)CO[N+](=O)[O-],CC(C)CO[N+](=O)[O-],,isobutyl nitrate,-1.88,FreeSolv,1,train
CC(C)Cl,CC(C)Cl,,2-chloropropane,-0.25,FreeSolv,1,train
CC(C)I,CC(C)I,,2-iodopropane,-0.46,FreeSolv,1,train
CC(C)NC(C)C,CC(C)NC(C)C,,N-isopropylpropan-2-amine,-3.22,FreeSolv,1,train
CC(C)O,CC(C)O,,propan-2-ol,-4.74,FreeSolv,1,train
CC(C)OC(C)C,CC(C)OC(C)C,,2-isopropoxypropane,-0.53,FreeSolv,1,train
CC(C)OC=O,CC(C)OC=O,,isopropyl formate,-2.02,FreeSolv,1,train
CC(C)SC(C)C,CC(C)SC(C)C,,2-isopropylsulfanylpropane,-1.21,FreeSolv,1,train
CC(C)[N+](=O)[O-],CC(C)[N+](=O)[O-],,2-nitropropane,-3.13,FreeSolv,1,train
C[C@@H](CCO[N+](=O)[O-])O[N+](=O)[O-],CC(CCO[N+](=O)[O-])O[N+](=O)[O-],,"1,3-bis-(nitrooxy)butane",-4.29,FreeSolv,1,train
C[C@@H](CO[N+](=O)[O-])O[N+](=O)[O-],CC(CO[N+](=O)[O-])O[N+](=O)[O-],,"1,2-dinitroxypropane",-4.95,FreeSolv,1,train
CC(Cl)(Cl)Cl,CC(Cl)(Cl)Cl,,"1,1,1-trichloroethane",-0.19,FreeSolv,1,train
C[C@H](Cl)CCl,CC(Cl)CCl,,"1,2-dichloropropane",-1.27,FreeSolv,1,train
CC(Cl)Cl,CC(Cl)Cl,,"1,1-dichloroethane",-0.84,FreeSolv,1,train
CC(F)F,CC(F)F,,"1,1-difluoroethane",-0.11,FreeSolv,1,train
CC(N)=O,CC(N)=O,,acetamide,-9.71,FreeSolv,1,train
C[C@@H](O)C(F)(F)F,CC(O)C(F)(F)F,,111-trifluoropropan-2-ol,-4.18,FreeSolv,2,train
CC=C(C)C,CC=C(C)C,,2-methylbut-2-ene,1.31,FreeSolv,1,train
C/C=C/C=O,CC=CC=O,,but-2-enal,-4.22,FreeSolv,1,train
C/C=C\CC,CC=CCC,,pent-2-ene,1.31,FreeSolv,1,train
C/C=C/CCCC,CC=CCCCC,,hept-2-ene,1.68,FreeSolv,1,train
CC=O,CC=O,,acetaldehyde,-3.5,FreeSolv,1,train
CCBr,CCBr,,bromoethane,-0.74,FreeSolv,1,train
CCC,CCC,,propane,2.0,FreeSolv,1,train
CCC#N,CCC#N,,propanenitrile,-3.84,FreeSolv,1,train
CCC(=O)CC,CCC(=O)CC,,pentan-3-one,-3.41,FreeSolv,1,train
CCC(=O)O,CCC(=O)O,,propionic acid,-6.46,FreeSolv,1,train
CCC(=O)OC,CCC(=O)OC,,methyl propanoate,-2.93,FreeSolv,1,train
CCC(C)(C)C,CCC(C)(C)C,,"2,2-dimethylbutane",2.51,FreeSolv,1,train
CCC(C)(C)CC,CCC(C)(C)CC,,"3,3-dimethylpentane",2.56,FreeSolv,1,train
CCC(C)(C)O,CCC(C)(C)O,,2-methylbutan-2-ol,-4.43,FreeSolv,1,train
CCC(C)C,CCC(C)C,,isopentane,2.38,FreeSolv,1,train
CC[C@@H](C)C(C)C,CCC(C)C(C)C,,"2,3-dimethylpentane",2.52,FreeSolv,1,train
CCC(C)CC,CCC(C)CC,,3-methylpentane,2.51,FreeSolv,1,train
CC[C@@H](C)CO,CCC(C)CO,,2-methylbutan-1-ol,-4.42,FreeSolv,1,train
CC[C@H](C)Cl,CCC(C)Cl,,2-chlorobutane,0.0,FreeSolv,1,train
CC[C@H](C)O,CCC(C)O,,butan-2-ol,-4.62,FreeSolv,1,train
CC[C@H](C)O[N+](=O)[O-],CCC(C)O[N+](=O)[O-],,[(2S)-butan-2-yl] nitrate,-1.82,FreeSolv,1,train
CCC(N)=O,CCC(N)=O,,propionamide,-9.4,FreeSolv,1,train
CC[C@@H](O)C(C)C,CCC(O)C(C)C,,2-methylpentan-3-ol,-3.88,FreeSolv,1,train
CCC(O)CC,CCC(O)CC,,pentan-3-ol,-4.35,FreeSolv,1,train
CCC=O,CCC=O,,propanal,-3.43,FreeSolv,1,train
CCCBr,CCCBr,,1-bromopropane,-0.56,FreeSolv,1,train
CCCC,CCCC,,n-butane,2.1,FreeSolv,1,train
CCCC#N,CCCC#N,,butanenitrile,-3.64,FreeSolv,1,train
CCCC(=O)CCC,CCCC(=O)CCC,,heptan-4-one,-2.92,FreeSolv,1,train
CCCC(=O)O,CCCC(=O)O,,butyric acid,-6.35,FreeSolv,1,train
CCCC(=O)OC,CCCC(=O)OC,,methyl butanoate,-2.83,FreeSolv,1,train
CCCC(=O)OCC,CCCC(=O)OCC,,ethyl butanoate,-2.49,FreeSolv,1,train
CCCC(C)(C)C,CCCC(C)(C)C,,"2,2-dimethylpentane",2.88,FreeSolv,1,train
CCCC(C)(C)O,CCCC(C)(C)O,,2-methylpentan-2-ol,-3.92,FreeSolv,1,train
CCCC(C)=O,CCCC(C)=O,,pentan-2-one,-3.52,FreeSolv,1,train
CCCC(C)C,CCCC(C)C,,isohexane,2.51,FreeSolv,1,train
CCC[C@H](C)CC,CCCC(C)CC,,3-methylhexane,2.71,FreeSolv,1,train
CCC[C@@H](C)O,CCCC(C)O,,pentan-2-ol,-4.39,FreeSolv,1,train
CCC[C@@H](O)CC,CCCC(O)CC,,hexan-3-ol,-4.06,FreeSolv,1,train
CCC/C=C/C=O,CCCC=CC=O,,(2E)-hex-2-enal,-3.68,FreeSolv,1,train
CCCC=O,CCCC=O,,butanal,-3.18,FreeSolv,1,train
CCCCBr,CCCCBr,,1-bromobutane,-0.4,FreeSolv,1,train
CCCCC,CCCCC,,n-pentane,2.3,FreeSolv,1,train
CCCCC#N,CCCCC#N,,pentanenitrile,-3.52,FreeSolv,1,train
CCCCC(=O)CCCC,CCCCC(=O)CCCC,,nonan-5-one,-2.64,FreeSolv,1,train
CCCCC(=O)O,CCCCC(=O)O,,pentanoic acid,-6.16,FreeSolv,1,train
CCCCC(=O)OC,CCCCC(=O)OC,,methyl pentanoate,-2.56,FreeSolv,1,train
CCCCC(=O)OCC,CCCCC(=O)OCC,,ethyl pentanoate,-2.49,FreeSolv,1,train
CCCCC(C)=O,CCCCC(C)=O,,hexan-2-one,-3.28,FreeSolv,1,train
CCCCC(C)C,CCCCC(C)C,,2-methylhexane,2.93,FreeSolv,1,train
CCCC[C@@H](C)CC,CCCCC(C)CC,,3-methylheptane,2.97,FreeSolv,1,train
CCCCC=O,CCCCC=O,,pentanal,-3.03,FreeSolv,1,train
CCCCCBr,CCCCCBr,,1-bromo-pentane,-0.1,FreeSolv,1,train
CCCCCC,CCCCCC,,hexane,2.48,FreeSolv,1,train
CCCCCC(=O)O,CCCCCC(=O)O,,hexanoic acid,-6.21,FreeSolv,1,train
CCCCCC(=O)OC,CCCCCC(=O)OC,,methyl hexanoate,-2.49,FreeSolv,1,train
CCCCCC(=O)OCC,CCCCCC(=O)OCC,,ethyl hexanoate,-2.23,FreeSolv,1,train
CCCCCC(C)=O,CCCCCC(C)=O,,heptan-2-one,-3.04,FreeSolv,1,train
CCCCCC(N)=O,CCCCCC(N)=O,,hexanamide,-9.31,FreeSolv,1,train
CCCCC/C=C/C=O,CCCCCC=CC=O,,oct-2-enal,-3.43,FreeSolv,1,train
CCCCCC=O,CCCCCC=O,,hexanal,-2.81,FreeSolv,1,train
CCCCCCBr,CCCCCCBr,,1-bromohexane,0.18,FreeSolv,1,train
CCCCCCC,CCCCCCC,,heptane,2.67,FreeSolv,1,train
CCCCCCC(C)=O,CCCCCCC(C)=O,,octan-2-one,-2.88,FreeSolv,1,train
CCCCCCC=O,CCCCCCC=O,,heptanal,-2.67,FreeSolv,1,train
CCCCCCCBr,CCCCCCCBr,,1-bromoheptane,0.34,FreeSolv,1,train
CCCCCCCC,CCCCCCCC,,octane,2.88,FreeSolv,1,train
CCCCCCCC(=O)OC,CCCCCCCC(=O)OC,,methyl octanoate,-2.04,FreeSolv,1,train
CCCCCCCC(C)=O,CCCCCCCC(C)=O,,nonan-2-one,-2.49,FreeSolv,1,train
CCCCCCCC=O,CCCCCCCC=O,,octanal,-2.29,FreeSolv,1,train
CCCCCCCCBr,CCCCCCCCBr,,1-bromooctane,0.52,FreeSolv,1,train
CCCCCCCCC,CCCCCCCCC,,nonane,3.13,FreeSolv,1,train
CCCCCCCCC(C)=O,CCCCCCCCC(C)=O,,decan-2-one,-2.34,FreeSolv,1,train
CCCCCCCCC=O,CCCCCCCCC=O,,nonanal,-2.07,FreeSolv,1,train
CCCCCCCCCC,CCCCCCCCCC,,decane,3.16,FreeSolv,1,train
CCCCCCCCCC(C)=O,CCCCCCCCCC(C)=O,,undecan-2-one,-2.15,FreeSolv,1,train
CCCCCCCCCCO,CCCCCCCCCCO,,decan-1-ol,-3.64,FreeSolv,1,train
CCCCCCCCCO,CCCCCCCCCO,,nonan-1-ol,-3.88,FreeSolv,1,train
CCCCCCCCN,CCCCCCCCN,,octan-1-amine,-3.65,FreeSolv,1,train
CCCCCCCCO,CCCCCCCCO,,octan-1-ol,-4.09,FreeSolv,1,train
CCCCCCCCl,CCCCCCCCl,,1-chloroheptane,0.29,FreeSolv,1,train
CCCCCCCI,CCCCCCCI,,1-iodoheptane,0.27,FreeSolv,1,train
CCCCCCCN,CCCCCCCN,,heptan-1-amine,-3.79,FreeSolv,1,train
CCCCCCCO,CCCCCCCO,,heptan-1-ol,-4.21,FreeSolv,1,train
CCCCCCCl,CCCCCCCl,,1-chlorohexane,0.0,FreeSolv,1,train
CCCCCCI,CCCCCCI,,1-iodohexane,0.08,FreeSolv,1,train
CCCCCCN,CCCCCCN,,hexan-1-amine,-3.95,FreeSolv,1,train
CCCCCCO,CCCCCCO,,hexan-1-ol,-4.4,FreeSolv,1,train
CCCCCCOC(C)=O,CCCCCCOC(C)=O,,hexyl acetate,-2.26,FreeSolv,1,train
CCCCCCO[N+](=O)[O-],CCCCCCO[N+](=O)[O-],,hexyl nitrate,-1.66,FreeSolv,1,train
CCCCCCl,CCCCCCl,,1-chloro-pentane,-0.1,FreeSolv,1,train
CCCCCI,CCCCCI,,1-iodopentane,-0.14,FreeSolv,1,train
CCCCCN,CCCCCN,,pentan-1-amine,-4.09,FreeSolv,1,train
CCCCCO,CCCCCO,,pentan-1-ol,-4.57,FreeSolv,1,train
CCCCCOC(=O)CC,CCCCCOC(=O)CC,,pentyl propanoate,-2.11,FreeSolv,1,train
CCCCCOC(C)=O,CCCCCOC(C)=O,,pentyl acetate,-2.51,FreeSolv,1,train
CCCCC[N+](=O)[O-],CCCCC[N+](=O)[O-],,1-nitropentane,-2.82,FreeSolv,1,train
CCCCCl,CCCCCl,,1-chlorobutane,-0.16,FreeSolv,1,train
CCCCI,CCCCI,,1-iodobutane,-0.25,FreeSolv,1,train
CCCCN,CCCCN,,butan-1-amine,-4.24,FreeSolv,1,train
CCCCN(CC)C(=O)SCCC,CCCCN(CC)C(=O)SCCC,,pebulate,-3.64,FreeSolv,1,train
CCCCNCCCC,CCCCNCCCC,,N-butylbutan-1-amine,-3.24,FreeSolv,1,train
CCCCO,CCCCO,,butan-1-ol,-4.72,FreeSolv,1,train
CCCCOC(C)=O,CCCCOC(C)=O,,butyl acetate,-2.64,FreeSolv,1,train
CCCCOC[C@H](C)O,CCCCOCC(C)O,,1-butoxy-2-propanol,-5.73,FreeSolv,1,train
CCCCOCCCC,CCCCOCCCC,,1-butoxybutane,-0.83,FreeSolv,1,train
CCCCOCCO,CCCCOCCO,,2-butoxyethanol,-6.25,FreeSolv,1,train
CCCCO[N+](=O)[O-],CCCCO[N+](=O)[O-],,butyl nitrate,-2.09,FreeSolv,1,train
CCCCS,CCCCS,,butane-1-thiol,-0.99,FreeSolv,1,train
CCCC[N+](=O)[O-],CCCC[N+](=O)[O-],,1-nitrobutane,-3.09,FreeSolv,1,train
CCCCl,CCCCl,,1-chloropropane,-0.33,FreeSolv,1,train
CCCI,CCCI,,1-iodopropane,-0.53,FreeSolv,1,train
CCCN,CCCN,,propan-1-amine,-4.39,FreeSolv,1,train
CCCNCCC,CCCNCCC,,N-propylpropan-1-amine,-3.65,FreeSolv,1,train
CCCO,CCCO,,propan-1-ol,-4.85,FreeSolv,1,train
CCCOC,CCCOC,,1-methoxypropane,-1.66,FreeSolv,1,train
CCCOC(=O)CC,CCCOC(=O)CC,,propyl propanoate,-2.44,FreeSolv,1,train
CCCOC(=O)CCC,CCCOC(=O)CCC,,propyl butanoate,-2.28,FreeSolv,1,train
CCCOC(C)=O,CCCOC(C)=O,,propyl acetate,-2.79,FreeSolv,1,train
CCCOC=O,CCCOC=O,,propyl formate,-2.48,FreeSolv,1,train
CCCOCCC,CCCOCCC,,1-propoxypropane,-1.16,FreeSolv,1,train
CCCOCCO,CCCOCCO,,2-propoxyethanol,-6.4,FreeSolv,1,train
CCCS,CCCS,,propanethiol,-1.1,FreeSolv,1,train
CCCSC(=O)N(CCC)CCC,CCCSC(=O)N(CCC)CCC,,"N,N-dipropyl(propylsulfanyl)formamide",-4.13,FreeSolv,1,train
CCCSCCC,CCCSCCC,,1-propylsulfanylpropane,-1.28,FreeSolv,1,train
CCC[N+](=O)[O-],CCC[N+](=O)[O-],,1-nitropropane,-3.34,FreeSolv,1,train
CCCl,CCCl,,chloroethane,-0.63,FreeSolv,1,train
CCI,CCI,,iodoethane,-0.74,FreeSolv,1,train
CCN,CCN,,ethanamine,-4.5,FreeSolv,1,train
CCN(CC)CC,CCN(CC)CC,,"N,N-diethylethanamine",-3.22,FreeSolv,1,train
CCNCC,CCNCC,,N-ethylethanamine,-4.07,FreeSolv,1,train
CCO,CCO,,ethanol,-5.0,FreeSolv,1,train
CCOC,CCOC,,methoxyethane,-2.1,FreeSolv,1,train
CCOC(=O)CC,CCOC(=O)CC,,ethyl propanoate,-2.68,FreeSolv,1,train
CCOC(=O)CC(=O)OCC,CCOC(=O)CC(=O)OCC,,diethyl propanedioate,-6.0,FreeSolv,1,train
CCOC(=O)C[C@@H](SP(=S)(OC)OC)C(=O)OCC,CCOC(=O)CC(SP(=S)(OC)OC)C(=O)OCC,,diethyl (2R)-2-dimethoxyphosphinothioylsulfanylbutanedioate,-8.15,FreeSolv,1,train
CCOC(=O)CCC(=O)OCC,CCOC(=O)CCC(=O)OCC,,diethyl butanedioate,-5.71,FreeSolv,1,train
CCOC(C)=O,CCOC(C)=O,,ethyl acetate,-2.94,FreeSolv,1,train
CCOC(C)OCC,CCOC(C)OCC,,"1,1-diethoxyethane",-3.28,FreeSolv,1,train
CCOC=O,CCOC=O,,ethyl formate,-2.56,FreeSolv,1,train
CCOCC,CCOCC,,ethoxyethane,-1.59,FreeSolv,1,train
CCOCCO,CCOCCO,,2-ethoxyethanol,-6.69,FreeSolv,1,train
CCOCCOC(C)=O,CCOCCOC(C)=O,,2-ethoxyethyl acetate,-5.31,FreeSolv,1,train
CCOCCOCC,CCOCCOCC,,"1,2-diethoxyethane",-3.54,FreeSolv,1,train
CCOP(=O)(OCC)OCC,CCOP(=O)(OCC)OCC,,triethylphosphate,-7.5,FreeSolv,1,train
CCOP(=S)(OCC)SCSCC,CCOP(=S)(OCC)SCSCC,,diethoxy-(ethylsulfanylmethylsulfanyl)-thioxo-$l^{5}-phosphane,-4.37,FreeSolv,1,train
CCOP(=S)(OCC)SCSP(=S)(OCC)OCC,CCOP(=S)(OCC)SCSP(=S)(OCC)OCC,,ethion,-6.1,FreeSolv,1,train
CCS,CCS,,ethanethiol,-1.14,FreeSolv,1,train
CCSC,CCSC,,methylsulfanylethane,-1.5,FreeSolv,1,train
CCSCC,CCSCC,,ethylsulfanylethane,-1.46,FreeSolv,1,train
CCSSCC,CCSSCC,,ethyldisulfanylethane,-1.64,FreeSolv,1,train
CC[N+](=O)[O-],CC[N+](=O)[O-],,1-nitroethane,-3.71,FreeSolv,1,train
CCl,CCl,,chloromethane,-0.55,FreeSolv,1,train
CF,CF,,fluoromethane,-0.22,FreeSolv,1,train
CI,CI,,iodomethane,-0.89,FreeSolv,1,train
CN,CN,,methanamine,-4.55,FreeSolv,1,train
CN(C)C,CN(C)C,,"N,N-dimethylmethanamine",-3.2,FreeSolv,1,train
CN(C)C=O,CN(C)C=O,,"N,N-dimethylformamide",-7.81,FreeSolv,1,train
CNC,CNC,,N-methylmethanamine,-4.29,FreeSolv,1,train
CNC(=O)O/N=C\C(C)(C)SC,CNC(=O)ON=CC(C)(C)SC,,aldicarb,-9.84,FreeSolv,1,train
CNC(C)=O,CNC(C)=O,,N-methylacetamide,-10.0,FreeSolv,1,train
CO,CO,,methanol,-5.1,FreeSolv,1,train
COC,COC,,methoxymethane,-1.91,FreeSolv,1,train
COC(=O)C(C)(C)C,COC(=O)C(C)(C)C,,"methyl 2,2-dimethylpropanoate",-2.4,FreeSolv,1,train
COC(=O)C(F)(F)F,COC(=O)C(F)(F)F,,"methyl 2,2,2-trifluoroacetate",-1.1,FreeSolv,1,train
COC(=O)CC#N,COC(=O)CC#N,,methyl 2-cyanoacetate,-6.72,FreeSolv,1,train
COC(=O)CCl,COC(=O)CCl,,methyl 2-chloroacetate,-4.0,FreeSolv,1,train
COC(C)(C)C,COC(C)(C)C,,2-methoxy-2-methyl-propane,-2.21,FreeSolv,1,train
COC(C)(OC)OC,COC(C)(OC)OC,,"1,1,1-trimethoxyethane",-4.42,FreeSolv,1,train
COC(C)=O,COC(C)=O,,methyl acetate,-3.13,FreeSolv,1,train
COC(C)C,COC(C)C,,2-methoxypropane,-2.01,FreeSolv,1,train
COC(CC#N)(OC)OC,COC(CC#N)(OC)OC,,"3,3,3-trimethoxypropanenitrile",-6.4,FreeSolv,1,train
COC(CCl)(OC)OC,COC(CCl)(OC)OC,,"2-chloro-1,1,1-trimethoxy-ethane",-4.59,FreeSolv,1,train
COC(F)(F)C(Cl)Cl,COC(F)(F)C(Cl)Cl,,"2,2-dichloro-1,1-difluoro-1-methoxy-ethane",-1.12,FreeSolv,1,train
COC(OC)(OC)C(F)(F)F,COC(OC)(OC)C(F)(F)F,,"1,1,1-trifluoro-2,2,2-trimethoxyethane",-0.8,FreeSolv,1,train
COC(OC)OC,COC(OC)OC,,trimethoxymethane,-4.42,FreeSolv,1,train
COC=O,COC=O,,methyl formate,-2.78,FreeSolv,1,train
COCC(OC)(OC)OC,COCC(OC)(OC)OC,,"1,1,1,2-tetramethoxyethane",-5.73,FreeSolv,1,train
COCCN,COCCN,,2-methoxyethanamine,-6.55,FreeSolv,1,train
COCCO,COCCO,,2-methoxyethanol,-6.619999999999999,FreeSolv,1,train
COCCOC,COCCOC,,"1,2-dimethoxyethane",-4.84,FreeSolv,1,train
COCOC,COCOC,,dimethoxymethane,-2.93,FreeSolv,1,train
COP(=O)(OC)[C@@H](O)C(Cl)(Cl)Cl,COP(=O)(OC)C(O)C(Cl)(Cl)Cl,,"(1R)-2,2,2-trichloro-1-dimethoxyphosphoryl-ethanol",-12.74,FreeSolv,1,train
COP(=O)(OC)OC,COP(=O)(OC)OC,,trimethyl phosphate,-8.7,FreeSolv,1,train
COS(=O)(=O)OC,COS(=O)(=O)OC,,dimethyl sulfate,-5.1,FreeSolv,1,train
COS(C)(=O)=O,COS(C)(=O)=O,,methyl methanesulfonate,-4.87,FreeSolv,1,train
CS,CS,,methanethiol,-1.2,FreeSolv,1,train
CS(=O)(=O)Cl,CS(=O)(=O)Cl,,methanesulfonyl chloride,-4.87,FreeSolv,1,train
CS(C)(=O)=O,CS(C)(=O)=O,,methylsulfonylmethane,-10.08,FreeSolv,1,train
CS(C)=O,CS(C)=O,,methylsulfinylmethane,-9.280000000000001,FreeSolv,1,train
CSC,CSC,,methylsulfanylmethane,-1.61,FreeSolv,1,train
CSSC,CSSC,,methyldisulfanylmethane,-1.83,FreeSolv,1,train
C[N+](=O)[O-],C[N+](=O)[O-],,nitromethane,-4.02,FreeSolv,1,train
ClC(Cl)(Cl)C(Cl)(Cl)Cl,ClC(Cl)(Cl)C(Cl)(Cl)Cl,,hexachloroethane,-0.64,FreeSolv,1,train
ClC(Cl)(Cl)Cl,ClC(Cl)(Cl)Cl,,carbon tetrachloride,0.08,FreeSolv,1,train
ClC(Cl)=C(Cl)Cl,ClC(Cl)=C(Cl)Cl,,"1,1,2,2-tetrachloroethylene",0.1,FreeSolv,1,train
ClC(Cl)C(Cl)(Cl)Cl,ClC(Cl)C(Cl)(Cl)Cl,,"1,1,1,2,2-pentachloroethane",-1.23,FreeSolv,1,train
ClC(Cl)C(Cl)Cl,ClC(Cl)C(Cl)Cl,,"1,1,2,2-tetrachloroethane",-2.37,FreeSolv,1,train
ClC(Cl)Cl,ClC(Cl)Cl,,chloroform,-1.08,FreeSolv,1,train
ClC=C(Cl)Cl,ClC=C(Cl)Cl,,"1,1,2-trichloroethylene",-0.44,FreeSolv,1,train
Cl/C=C/Cl,ClC=CCl,,"(E)-1,2-dichloroethylene",-0.975,FreeSolv,2,train
ClCC(Cl)(Cl)Cl,ClCC(Cl)(Cl)Cl,,"1,1,1,2-tetrachloroethane",-1.43,FreeSolv,1,train
ClCC(Cl)Cl,ClCC(Cl)Cl,,"1,1,2-trichloroethane",-1.99,FreeSolv,1,train
ClCCBr,ClCCBr,,1-bromo-2-chloro-ethane,-1.95,FreeSolv,1,train
ClCCCCCl,ClCCCCCl,,"1,4-dichlorobutane",-2.32,FreeSolv,1,train
ClCCCCl,ClCCCCl,,"1,3-dichloropropane",-1.89,FreeSolv,1,train
ClCCCl,ClCCCl,,"1,2-dichloroethane",-1.79,FreeSolv,1,train
ClCCOCCCl,ClCCOCCCl,,1-chloro-2-(2-chloroethoxy)ethane,-4.23,FreeSolv,1,train
ClCCl,ClCCl,,dichloromethane,-1.31,FreeSolv,1,train
F[C@H](Br)C(F)(F)F,FC(Br)C(F)(F)F,,"2-bromo-1,1,1,2-tetrafluoro-ethane",0.5,FreeSolv,1,train
FC(F)(Cl)C(F)(Cl)Cl,FC(F)(Cl)C(F)(Cl)Cl,,"1,1,2-trichloro-1,2,2-trifluoro-ethane",1.77,FreeSolv,1,train
FC(F)(F)Br,FC(F)(F)Br,,bromo-trifluoro-methane,1.79,FreeSolv,1,train
FC(F)(F)[C@H](Cl)Br,FC(F)(F)C(Cl)Br,,"2-bromo-2-chloro-1,1,1-trifluoro-ethane",-0.11,FreeSolv,1,train
FC(F)(F)CCl,FC(F)(F)CCl,,"2-chloro-1,1,1-trifluoro-ethane",0.06,FreeSolv,1,train
FC(F)(F)F,FC(F)(F)F,,tetrafluoromethane,3.12,FreeSolv,1,train
FC(F)=C(F)C(F)(F)F,FC(F)=C(F)C(F)(F)F,,"1,1,2,3,3,3-hexafluoroprop-1-ene",2.93,FreeSolv,1,train
FC(F)Cl,FC(F)Cl,,chloro-difluoro-methane,-0.5,FreeSolv,1,train
FC(F)O[C@H](Cl)C(F)(F)F,FC(F)OC(Cl)C(F)(F)F,,"2-chloro-2-(difluoromethoxy)-1,1,1-trifluoro-ethane",0.1,FreeSolv,1,train
FCCl,FCCl,,chloro-fluoro-methane,-0.77,FreeSolv,1,train
ICI,ICI,,diiodomethane,-2.49,FreeSolv,1,train
N,N,,ammonia,-4.29,FreeSolv,1,train
NN,NN,,hydrazine,-9.3,FreeSolv,1,train
O=[N+]([O-])C(Cl)(Cl)Cl,O=[N+]([O-])C(Cl)(Cl)Cl,,trichloro(nitro)methane,-1.45,FreeSolv,1,train
O=[N+]([O-])OCCCO[N+](=O)[O-],O=[N+]([O-])OCCCO[N+](=O)[O-],,3-nitrooxypropyl nitrate,-4.8,FreeSolv,1,train
O=[N+]([O-])OCCO,O=[N+]([O-])OCCO,,2-(nitrooxy)ethan-1-ol,-8.18,FreeSolv,1,train
O=[N+]([O-])OCCO[N+](=O)[O-],O=[N+]([O-])OCCO[N+](=O)[O-],,"1,2-dinitroxyethane",-5.73,FreeSolv,1,train
OCC(F)(F)F,OCC(F)(F)F,,"2,2,2-trifluoroethanol",-4.31,FreeSolv,1,train
OC[C@@H](O)[C@@H](O)[C@H](O)[C@H](O)CO,OCC(O)C(O)C(O)C(O)CO,,"(2R,3R,4R,5R)-Hexan-1,2,3,4,5,6-hexol",-23.62,FreeSolv,1,train
OCC(O)CO,OCC(O)CO,,glycerol,-13.43,FreeSolv,1,train
OCCO,OCCO,,ethylene glycol,-9.3,FreeSolv,1,train
S,S,,hydrogen sulfide,-0.7,FreeSolv,1,train
BrCc1ccccc1,BrCc1ccccc1,c1ccccc1,benzyl bromide,-2.38,FreeSolv,1,train
Brc1ccc(Br)cc1,Brc1ccc(Br)cc1,c1ccccc1,"1,4-dibromobenzene",-2.3,FreeSolv,1,train
Brc1ccccc1,Brc1ccccc1,c1ccccc1,bromobenzene,-1.46,FreeSolv,1,train
C=C(C)c1ccccc1,C=C(C)c1ccccc1,c1ccccc1,isopropenylbenzene,-1.24,FreeSolv,1,train
C=Cc1ccccc1,C=Cc1ccccc1,c1ccccc1,styrene,-1.24,FreeSolv,1,train
CC(=O)Oc1ccccc1C(=O)O,CC(=O)Oc1ccccc1C(=O)O,c1ccccc1,acetylsalicylic acid,-9.94,FreeSolv,1,train
CC(=O)c1ccc(C)cc1,CC(=O)c1ccc(C)cc1,c1ccccc1,1-(p-tolyl)ethanone,-4.7,FreeSolv,1,train
CC(=O)c1ccccc1,CC(=O)c1ccccc1,c1ccccc1,1-phenylethanone,-4.58,FreeSolv,1,train
CC(C)(C)c1ccc(O)cc1,CC(C)(C)c1ccc(O)cc1,c1ccccc1,4-tert-butylphenol,-5.91,FreeSolv,1,train
CC(C)(C)c1ccccc1,CC(C)(C)c1ccccc1,c1ccccc1,tert-butylbenzene,-0.44,FreeSolv,1,train
CC(C)Cc1ccc([C@H](C)C(=O)O)cc1,CC(C)Cc1ccc(C(C)C(=O)O)cc1,c1ccccc1,ibuprofen,-7.0,FreeSolv,1,train
CC(C)Cc1ccccc1,CC(C)Cc1ccccc1,c1ccccc1,isobutylbenzene,0.16,FreeSolv,1,train
CC(C)c1ccccc1,CC(C)c1ccccc1,c1ccccc1,cumene,-0.3,FreeSolv,1,train
CCC(=O)Nc1ccc(Cl)c(Cl)c1,CCC(=O)Nc1ccc(Cl)c(Cl)c1,c1ccccc1,"N-(3,4-dichlorophenyl)propanimidic acid",-7.78,FreeSolv,1,train
CC[C@@H](C)c1cc([N+](=O)[O-])cc([N+](=O)[O-])c1O,CCC(C)c1cc([N+](=O)[O-])cc([N+](=O)[O-])c1O,c1ccccc1,"2-[(1R)-1-methylpropyl]-4,6-dinitro-phenolate",-6.23,FreeSolv,1,train
CC[C@H](C)c1ccccc1,CCC(C)c1ccccc1,c1ccccc1,sec-butylbenzene,-0.45,FreeSolv,1,train
CCCCCCc1ccccc1,CCCCCCc1ccccc1,c1ccccc1,hexylbenzene,-0.04,FreeSolv,1,train
CCCCCc1ccccc1,CCCCCc1ccccc1,c1ccccc1,pentylbenzene,-0.23,FreeSolv,1,train
CCCCN(CC)c1c([N+](=O)[O-])cc(C(F)(F)F)cc1[N+](=O)[O-],CCCCN(CC)c1c([N+](=O)[O-])cc(C(F)(F)F)cc1[N+](=O)[O-],c1ccccc1,"N-butyl-N-ethyl-2,6-dinitro-4-(trifluoromethyl)aniline",-3.51,FreeSolv,1,train
CCCCOC(=O)c1ccc(O)cc1,CCCCOC(=O)c1ccc(O)cc1,c1ccccc1,butyl paraben,-8.72,FreeSolv,1,train
CCCCc1ccccc1,CCCCc1ccccc1,c1ccccc1,butylbenzene,-0.4,FreeSolv,1,train
CCCN(CCC)c1c([N+](=O)[O-])cc(C(F)(F)F)cc1[N+](=O)[O-],CCCN(CCC)c1c([N+](=O)[O-])cc(C(F)(F)F)cc1[N+](=O)[O-],c1ccccc1,trifluralin,-3.25,FreeSolv,1,train
CCCN(CCC)c1c([N+](=O)[O-])cc(S(C)(=O)=O)cc1[N+](=O)[O-],CCCN(CCC)c1c([N+](=O)[O-])cc(S(C)(=O)=O)cc1[N+](=O)[O-],c1ccccc1,nitralin,-7.98,FreeSolv,1,train
CCCOC(=O)c1ccc(O)cc1,CCCOC(=O)c1ccc(O)cc1,c1ccccc1,propyl paraben,-9.37,FreeSolv,1,train
CCCc1ccc(O)c(OC)c1,CCCc1ccc(O)c(OC)c1,c1ccccc1,4-propylguaiacol,-5.26,FreeSolv,1,train
CCCc1ccc(O)cc1,CCCc1ccc(O)cc1,c1ccccc1,4-propylphenol,-5.21,FreeSolv,1,train
CCCc1ccccc1,CCCc1ccccc1,c1ccccc1,propylbenzene,-0.53,FreeSolv,1,train
CCN(CC)c1c([N+](=O)[O-])cc(C(F)(F)F)c(N)c1[N+](=O)[O-],CCN(CC)c1c([N+](=O)[O-])cc(C(F)(F)F)c(N)c1[N+](=O)[O-],c1ccccc1,"1-N,1-N-diethyl-2,6-dinitro-4-(trifluoromethyl)benzene-1,3-diamine",-5.66,FreeSolv,1,train
CCOC(=O)c1ccc(O)cc1,CCOC(=O)c1ccc(O)cc1,c1ccccc1,ethyl paraben,-9.2,FreeSolv,1,train
CCOC(=O)c1ccccc1,CCOC(=O)c1ccccc1,c1ccccc1,ethyl benzoate,-3.64,FreeSolv,1,train
CCOC(OCC)Oc1ccccc1,CCOC(OCC)Oc1ccccc1,c1ccccc1,diethoxymethoxybenzene,-5.23,FreeSolv,1,train
CCOP(=O)(OCC)O/C(=C/Cl)c1ccc(Cl)cc1Cl,CCOP(=O)(OCC)OC(=CCl)c1ccc(Cl)cc1Cl,c1ccccc1,"2-chloro-1-(2,4-dichlorophenyl)ethenyl diethyl phosphate",-7.07,FreeSolv,1,train
CCOP(=S)(OCC)Oc1ccc([N+](=O)[O-])cc1,CCOP(=S)(OCC)Oc1ccc([N+](=O)[O-])cc1,c1ccccc1,diethoxy-(4-nitrophenoxy)-thioxo-$l^{5}-phosphane,-6.74,FreeSolv,1,train
CCOP(=S)(OCC)SCSc1ccc(Cl)cc1,CCOP(=S)(OCC)SCSc1ccc(Cl)cc1,c1ccccc1,4-chlorophenyl)sulfanylmethylsulfanyl-diethoxy-thioxo-$l^{5}-phosphane,-6.5,FreeSolv,1,train
CCOc1ccccc1,CCOc1ccccc1,c1ccccc1,ethoxybenzene,-2.22,FreeSolv,1,train
CCc1ccc(C)cc1,CCc1ccc(C)cc1,c1ccccc1,1-ethyl-4-methyl-benzene,-0.95,FreeSolv,1,train
CCc1ccc(O)cc1,CCc1ccc(O)cc1,c1ccccc1,4-ethylphenol,-6.13,FreeSolv,1,train
CCc1cccc(CC)c1N(COC)C(=O)CCl,CCc1cccc(CC)c1N(COC)C(=O)CCl,c1ccccc1,alachlor,-8.21,FreeSolv,1,train
CCc1cccc(O)c1,CCc1cccc(O)c1,c1ccccc1,3-ethylphenol,-6.25,FreeSolv,1,train
CCc1ccccc1,CCc1ccccc1,c1ccccc1,ethylbenzene,-0.79,FreeSolv,1,train
CCc1ccccc1C,CCc1ccccc1C,c1ccccc1,1-ethyl-2-methylbenzene,-0.85,FreeSolv,1,train
CCc1ccccc1O,CCc1ccccc1O,c1ccccc1,2-ethylphenol,-5.66,FreeSolv,1,train
CN(C)C(=O)Nc1ccccc1,CN(C)C(=O)Nc1ccccc1,c1ccccc1,fenuron,-9.13,FreeSolv,1,train
CN(C)C(=O)c1ccc([N+](=O)[O-])cc1,CN(C)C(=O)c1ccc([N+](=O)[O-])cc1,c1ccccc1,"N,N-dimethyl-4-nitro-benzamide",-11.95,FreeSolv,1,train
CN(C)C(=O)c1ccccc1,CN(C)C(=O)c1ccccc1,c1ccccc1,"N,N-dimethylbenzamide",-9.29,FreeSolv,1,train
CN(C)c1ccccc1,CN(C)c1ccccc1,c1ccccc1,"N,N-dimethylaniline",-3.45,FreeSolv,1,train
CN(CC(F)(F)F)c1ccccc1,CN(CC(F)(F)F)c1ccccc1,c1ccccc1,"N-methyl-N-(2,2,2-trifluoroethyl)aniline",-1.92,FreeSolv,1,train
CNc1ccccc1,CNc1ccccc1,c1ccccc1,N-methylaniline,-4.69,FreeSolv,1,train
COC(=O)c1ccc(O)cc1,COC(=O)c1ccc(O)cc1,c1ccccc1,methyl paraben,-9.51,FreeSolv,1,train
COC(=O)c1ccc(OC)cc1,COC(=O)c1ccc(OC)cc1,c1ccccc1,methyl 4-methoxybenzoate,-5.33,FreeSolv,1,train
COC(=O)c1ccc([N+](=O)[O-])cc1,COC(=O)c1ccc([N+](=O)[O-])cc1,c1ccccc1,methyl 4-nitrobenzoate,-6.88,FreeSolv,1,train
COC(=O)c1ccccc1,COC(=O)c1ccccc1,c1ccccc1,methyl benzoate,-3.92,FreeSolv,1,train
COC(OC)(OC)c1ccccc1,COC(OC)(OC)c1ccccc1,c1ccccc1,trimethoxymethylbenzene,-4.04,FreeSolv,1,train
COP(=S)(OC)Oc1ccc([N+](=O)[O-])cc1,COP(=S)(OC)Oc1ccc([N+](=O)[O-])cc1,c1ccccc1,methylparathion,-7.19,FreeSolv,1,train
COc1c(Cl)cc(Cl)c(OC)c1O,COc1c(Cl)cc(Cl)c(OC)c1O,c1ccccc1,"3,5-dichloro-2,6-dimethoxyphenol",-6.44,FreeSolv,1,train
COc1c(Cl)ccc(Cl)c1C(=O)O,COc1c(Cl)ccc(Cl)c1C(=O)O,c1ccccc1,dicamba,-9.86,FreeSolv,1,train
COc1c(O)c(OC)c(Cl)c(C=O)c1Cl,COc1c(O)c(OC)c(Cl)c(C=O)c1Cl,c1ccccc1,"2,6-dichlorosyringaldehyde",-8.68,FreeSolv,1,train
COc1cc(C)ccc1O,COc1cc(C)ccc1O,c1ccccc1,4-methyl-2-methoxyphenol,-5.8,FreeSolv,1,train
COc1cc(C=O)c(Cl)c(OC)c1O,COc1cc(C=O)c(Cl)c(OC)c1O,c1ccccc1,2-chlorosyringaldehyde,-7.78,FreeSolv,1,train
COc1ccc(C(=O)N(C)C)cc1,COc1ccc(C(=O)N(C)C)cc1,c1ccccc1,"4-methoxy-N,N-dimethyl-benzamide",-11.01,FreeSolv,1,train
COc1ccc(C(C)=O)cc1,COc1ccc(C(C)=O)cc1,c1ccccc1,1-(4-methoxyphenyl)ethanone,-4.4,FreeSolv,1,train
COc1ccc(N)cc1,COc1ccc(N)cc1,c1ccccc1,4-methoxyaniline,-7.48,FreeSolv,1,train
COc1cccc(N)c1,COc1cccc(N)c1,c1ccccc1,3-methoxyaniline,-7.29,FreeSolv,1,train
COc1cccc(O)c1,COc1cccc(O)c1,c1ccccc1,3-methoxyphenol,-7.66,FreeSolv,1,train
COc1cccc(OC)c1O,COc1cccc(OC)c1O,c1ccccc1,"2,6-dimethoxyphenol",-6.96,FreeSolv,1,train
COc1ccccc1,COc1ccccc1,c1ccccc1,anisole,-2.45,FreeSolv,1,train
COc1ccccc1N,COc1ccccc1N,c1ccccc1,2-methoxyaniline,-6.12,FreeSolv,1,train
COc1ccccc1O,COc1ccccc1O,c1ccccc1,2-methoxyphenol,-5.94,FreeSolv,1,train
COc1ccccc1OC,COc1ccccc1OC,c1ccccc1,"1,2-dimethoxybenzene",-5.33,FreeSolv,1,train
CSc1ccccc1,CSc1ccccc1,c1ccccc1,methylsulfanylbenzene,-2.73,FreeSolv,1,train
Cc1cc(C)cc(C)c1,Cc1cc(C)cc(C)c1,c1ccccc1,mesitylene,-0.9,FreeSolv,1,train
Cc1cc(C)cc(O)c1,Cc1cc(C)cc(O)c1,c1ccccc1,"3,5-dimethylphenol",-6.27,FreeSolv,1,train
Cc1cc(O)ccc1Cl,Cc1cc(O)ccc1Cl,c1ccccc1,4-chloro-3-methyl-phenol,-6.79,FreeSolv,1,train
Cc1ccc(Br)cc1,Cc1ccc(Br)cc1,c1ccccc1,1-bromo-4-methyl-benzene,-1.39,FreeSolv,1,train
Cc1ccc(C(=O)N(C)C)cc1,Cc1ccc(C(=O)N(C)C)cc1,c1ccccc1,"N,N-4-trimethylbenzamide",-9.76,FreeSolv,1,train
Cc1ccc(C(C)C)cc1,Cc1ccc(C(C)C)cc1,c1ccccc1,1-isopropyl-4-methyl-benzene,-0.68,FreeSolv,1,train
Cc1ccc(C)c(C)c1,Cc1ccc(C)c(C)c1,c1ccccc1,"1,2,4-trimethylbenzene",-0.86,FreeSolv,1,train
Cc1ccc(C)c(O)c1,Cc1ccc(C)c(O)c1,c1ccccc1,"2,5-dimethylphenol",-5.91,FreeSolv,1,train
Cc1ccc(C)cc1,Cc1ccc(C)cc1,c1ccccc1,p-xylene,-0.8,FreeSolv,1,train
Cc1ccc(C=O)cc1,Cc1ccc(C=O)cc1,c1ccccc1,4-methylbenzaldehyde,-4.27,FreeSolv,1,train
Cc1ccc(N)cc1,Cc1ccc(N)cc1,c1ccccc1,4-methylaniline,-5.57,FreeSolv,1,train
Cc1ccc(O)c(C)c1,Cc1ccc(O)c(C)c1,c1ccccc1,"2,4-dimethylphenol",-6.01,FreeSolv,1,train
Cc1ccc(O)cc1,Cc1ccc(O)cc1,c1ccccc1,p-cresol,-6.13,FreeSolv,1,train
Cc1ccc(O)cc1C,Cc1ccc(O)cc1C,c1ccccc1,"3,4-dimethylphenol",-6.5,FreeSolv,1,train
Cc1cccc(C)c1,Cc1cccc(C)c1,c1ccccc1,m-xylene,-0.83,FreeSolv,1,train
Cc1cccc(C)c1C,Cc1cccc(C)c1C,c1ccccc1,"1,2,3-trimethylbenzene",-1.21,FreeSolv,1,train
Cc1cccc(C)c1N,Cc1cccc(C)c1N,c1ccccc1,"2,6-dimethylaniline",-5.21,FreeSolv,1,train
Cc1cccc(C)c1O,Cc1cccc(C)c1O,c1ccccc1,"2,6-dimethylphenol",-5.26,FreeSolv,1,train
Cc1cccc(O)c1,Cc1cccc(O)c1,c1ccccc1,m-cresol,-5.49,FreeSolv,1,train
Cc1cccc(O)c1C,Cc1cccc(O)c1C,c1ccccc1,"2,3-dimethylphenol",-6.16,FreeSolv,1,train
Cc1cccc([N+](=O)[O-])c1,Cc1cccc([N+](=O)[O-])c1,c1ccccc1,1-methyl-3-nitro-benzene,-3.45,FreeSolv,1,train
Cc1ccccc1,Cc1ccccc1,c1ccccc1,toluene,-0.9,FreeSolv,1,train
Cc1ccccc1C,Cc1ccccc1C,c1ccccc1,o-xylene,-0.9,FreeSolv,1,train
Cc1ccccc1C=O,Cc1ccccc1C=O,c1ccccc1,2-methylbenzaldehyde,-3.93,FreeSolv,1,train
Cc1ccccc1Cl,Cc1ccccc1Cl,c1ccccc1,1-chloro-2-methyl-benzene,-1.14,FreeSolv,1,train
Cc1ccccc1N,Cc1ccccc1N,c1ccccc1,2-methylaniline,-5.53,FreeSolv,1,train
Cc1ccccc1O,Cc1ccccc1O,c1ccccc1,o-cresol,-5.9,FreeSolv,1,train
Cc1ccccc1[N+](=O)[O-],Cc1ccccc1[N+](=O)[O-],c1ccccc1,1-methyl-2-nitro-benzene,-3.58,FreeSolv,1,train
ClCc1ccccc1,ClCc1ccccc1,c1ccccc1,benzyl chloride,-1.93,FreeSolv,1,train
Clc1c(Cl)c(Cl)c(Cl)c(Cl)c1Cl,Clc1c(Cl)c(Cl)c(Cl)c(Cl)c1Cl,c1ccccc1,hexachlorobenzene,-2.33,FreeSolv,1,train
Clc1cc(Cl)c(Cl)c(Cl)c1,Clc1cc(Cl)c(Cl)c(Cl)c1,c1ccccc1,"1,2,3,5-tetrachlorobenzene",-1.62,FreeSolv,1,train
Clc1cc(Cl)c(Cl)cc1Cl,Clc1cc(Cl)c(Cl)cc1Cl,c1ccccc1,"1,2,4,5-tetrachlorobenzene",-1.34,FreeSolv,1,train
Clc1cc(Cl)cc(Cl)c1,Clc1cc(Cl)cc(Cl)c1,c1ccccc1,"1,3,5-trichlorobenzene",-0.78,FreeSolv,1,train
Clc1ccc(Cl)c(Cl)c1,Clc1ccc(Cl)c(Cl)c1,c1ccccc1,"1,2,4-trichlorobenzene",-1.12,FreeSolv,1,train
Clc1ccc(Cl)c(Cl)c1Cl,Clc1ccc(Cl)c(Cl)c1Cl,c1ccccc1,"1,2,3,4-tetrachlorobenzene",-1.34,FreeSolv,1,train
Clc1ccc(Cl)cc1,Clc1ccc(Cl)cc1,c1ccccc1,"1,4-dichlorobenzene",-1.01,FreeSolv,1,train
Clc1cccc(Cl)c1,Clc1cccc(Cl)c1,c1ccccc1,"1,3-dichlorobenzene",-0.98,FreeSolv,1,train
Clc1cccc(Cl)c1Cl,Clc1cccc(Cl)c1Cl,c1ccccc1,"1,2,3-trichlorobenzene",-1.24,FreeSolv,1,train
Clc1ccccc1,Clc1ccccc1,c1ccccc1,chlorobenzene,-1.12,FreeSolv,1,train
Clc1ccccc1Cl,Clc1ccccc1Cl,c1ccccc1,"1,2-dichlorobenzene",-1.36,FreeSolv,1,train
FC(F)(F)c1cccc(C(F)(F)F)c1,FC(F)(F)c1cccc(C(F)(F)F)c1,c1ccccc1,m-bis(trifluoromethyl)benzene,1.07,FreeSolv,1,train
FC(F)(F)c1ccccc1,FC(F)(F)c1ccccc1,c1ccccc1,trifluoromethylbenzene,-0.25,FreeSolv,1,train
FC(F)(F)c1ccccc1C(F)(F)F,FC(F)(F)c1ccccc1C(F)(F)F,c1ccccc1,"1,2-bis(trifluoromethyl)benzene",1.07,FreeSolv,1,train
FC(F)[C@@H](F)Oc1ccccc1,FC(F)C(F)Oc1ccccc1,c1ccccc1,"1,2,2-trifluoroethoxybenzene",-1.29,FreeSolv,1,train
Fc1ccccc1,Fc1ccccc1,c1ccccc1,fluorobenzene,-0.8,FreeSolv,1,train
Ic1ccccc1,Ic1ccccc1,c1ccccc1,iodobenzene,-1.74,FreeSolv,1,train
N#Cc1c(Cl)cccc1Cl,N#Cc1c(Cl)cccc1Cl,c1ccccc1,dichlobenil,-4.71,FreeSolv,1,train
N#Cc1ccc(O)cc1,N#Cc1ccc(O)cc1,c1ccccc1,4-hydroxybenzonitrile,-10.17,FreeSolv,1,train
N#Cc1cccc(O)c1,N#Cc1cccc(O)c1,c1ccccc1,3-hydroxybenzonitrile,-9.65,FreeSolv,1,train
N#Cc1ccccc1,N#Cc1ccccc1,c1ccccc1,benzonitrile,-4.1,FreeSolv,1,train
NC(=O)c1ccccc1,NC(=O)c1ccccc1,c1ccccc1,benzamide,-11.0,FreeSolv,1,train
Nc1ccc(Cl)cc1,Nc1ccc(Cl)cc1,c1ccccc1,4-chloroaniline,-5.9,FreeSolv,1,train
Nc1ccc([N+](=O)[O-])cc1,Nc1ccc([N+](=O)[O-])cc1,c1ccccc1,4-nitroaniline,-9.82,FreeSolv,1,train
Nc1cccc(Cl)c1,Nc1cccc(Cl)c1,c1ccccc1,3-chloroaniline,-5.82,FreeSolv,1,train
Nc1cccc([N+](=O)[O-])c1,Nc1cccc([N+](=O)[O-])c1,c1ccccc1,3-nitroaniline,-8.84,FreeSolv,1,train
Nc1ccccc1,Nc1ccccc1,c1ccccc1,aniline,-5.49,FreeSolv,1,train
Nc1ccccc1Cl,Nc1ccccc1Cl,c1ccccc1,2-chloroaniline,-4.91,FreeSolv,1,train
Nc1ccccc1[N+](=O)[O-],Nc1ccccc1[N+](=O)[O-],c1ccccc1,2-nitroaniline,-7.37,FreeSolv,1,train
O=COc1ccccc1,O=COc1ccccc1,c1ccccc1,phenyl formate,-3.82,FreeSolv,1,train
O=Cc1ccc(O)cc1,O=Cc1ccc(O)cc1,c1ccccc1,4-hydroxybenzaldehyde,-8.83,FreeSolv,1,train
O=Cc1cccc(O)c1,O=Cc1cccc(O)c1,c1ccccc1,3-hydroxybenzaldehyde,-9.52,FreeSolv,1,train
O=Cc1ccccc1,O=Cc1ccccc1,c1ccccc1,benzaldehyde,-4.02,FreeSolv,1,train
O=Cc1ccccc1O,O=Cc1ccccc1O,c1ccccc1,2-hydroxybenzaldehyde,-4.68,FreeSolv,1,train
O=[N+]([O-])c1c(Cl)c(Cl)c(Cl)c(Cl)c1Cl,O=[N+]([O-])c1c(Cl)c(Cl)c(Cl)c(Cl)c1Cl,c1ccccc1,pentachloronitrobenzene,-5.22,FreeSolv,1,train
O=[N+]([O-])c1ccc(O)cc1,O=[N+]([O-])c1ccc(O)cc1,c1ccccc1,4-nitrophenol,-10.64,FreeSolv,1,train
O=[N+]([O-])c1cccc(O)c1,O=[N+]([O-])c1cccc(O)c1,c1ccccc1,3-nitrophenol,-9.62,FreeSolv,1,train
O=[N+]([O-])c1ccccc1,O=[N+]([O-])c1ccccc1,c1ccccc1,nitrobenzene,-4.12,FreeSolv,1,train
O=[N+]([O-])c1ccccc1O,O=[N+]([O-])c1ccccc1O,c1ccccc1,2-nitrophenol,-4.58,FreeSolv,1,train
OCCCc1ccccc1,OCCCc1ccccc1,c1ccccc1,3-phenylpropan-1-ol,-6.92,FreeSolv,1,train
OCCc1ccccc1,OCCc1ccccc1,c1ccccc1,2-phenylethanol,-6.79,FreeSolv,1,train
OCc1ccccc1,OCc1ccccc1,c1ccccc1,phenylmethanol,-6.62,FreeSolv,1,train
Oc1ccc(Br)cc1,Oc1ccc(Br)cc1,c1ccccc1,4-bromophenol,-5.85,FreeSolv,1,train
Oc1ccc(Cl)c(Cl)c1,Oc1ccc(Cl)c(Cl)c1,c1ccccc1,"3,4-dichlorophenol",-7.29,FreeSolv,1,train
Oc1ccc(Cl)cc1,Oc1ccc(Cl)cc1,c1ccccc1,4-chlorophenol,-7.03,FreeSolv,1,train
Oc1ccc(F)cc1,Oc1ccc(F)cc1,c1ccccc1,4-fluorophenol,-6.19,FreeSolv,1,train
Oc1cccc(Cl)c1,Oc1cccc(Cl)c1,c1ccccc1,3-chlorophenol,-6.62,FreeSolv,1,train
Oc1ccccc1,Oc1ccccc1,c1ccccc1,phenol,-6.6,FreeSolv,1,train
Oc1ccccc1Cl,Oc1ccccc1Cl,c1ccccc1,2-chlorophenol,-4.55,FreeSolv,1,train
Oc1ccccc1F,Oc1ccccc1F,c1ccccc1,2-fluorophenol,-5.29,FreeSolv,1,train
Oc1ccccc1I,Oc1ccccc1I,c1ccccc1,2-iodophenol,-6.2,FreeSolv,1,train
Sc1ccccc1,Sc1ccccc1,c1ccccc1,benzenethiol,-2.55,FreeSolv,1,train
c1ccccc1,c1ccccc1,c1ccccc1,benzene,-0.9,FreeSolv,1,train
CCc1cccc2ccccc12,CCc1cccc2ccccc12,c1ccc2ccccc2c1,1-ethylnaphthalene,-2.4,FreeSolv,1,validation
CNC(=O)Oc1cccc2ccccc12,CNC(=O)Oc1cccc2ccccc12,c1ccc2ccccc2c1,naphthalen-1-yl N-methylcarbamate,-9.45,FreeSolv,1,validation
COc1ccc2cc([C@H](C)C(=O)O)ccc2c1,COc1ccc2cc(C(C)C(=O)O)ccc2c1,c1ccc2ccccc2c1,naproxen,-10.21,FreeSolv,1,validation
Cc1cc(C)c2ccccc2c1,Cc1cc(C)c2ccccc2c1,c1ccc2ccccc2c1,"1,3-dimethylnaphthalene",-2.47,FreeSolv,1,validation
Cc1cc2ccccc2cc1C,Cc1cc2ccccc2cc1C,c1ccc2ccccc2c1,"2,3-dimethylnaphthalene",-2.78,FreeSolv,1,validation
Cc1ccc(C)c2ccccc12,Cc1ccc(C)c2ccccc12,c1ccc2ccccc2c1,"1,4-dimethylnaphthalene",-2.82,FreeSolv,1,validation
Cc1ccc2cc(C)ccc2c1,Cc1ccc2cc(C)ccc2c1,c1ccc2ccccc2c1,"2,6-dimethylnaphthalene",-2.63,FreeSolv,1,validation
Cc1cccc2ccccc12,Cc1cccc2ccccc12,c1ccc2ccccc2c1,1-methylnaphthalene,-2.44,FreeSolv,1,validation
Nc1ccc2ccccc2c1,Nc1ccc2ccccc2c1,c1ccc2ccccc2c1,naphthalen-2-amine,-7.47,FreeSolv,1,validation
Nc1cccc2ccccc12,Nc1cccc2ccccc12,c1ccc2ccccc2c1,naphthalen-1-amine,-7.28,FreeSolv,1,validation
Oc1ccc2ccccc2c1,Oc1ccc2ccccc2c1,c1ccc2ccccc2c1,naphthalen-2-ol,-8.11,FreeSolv,1,validation
Oc1cccc2ccccc12,Oc1cccc2ccccc12,c1ccc2ccccc2c1,naphthalen-1-ol,-7.67,FreeSolv,1,validation
c1ccc2ccccc2c1,c1ccc2ccccc2c1,c1ccc2ccccc2c1,naphthalene,-2.4,FreeSolv,1,validation
Nc1ccc(N)c2c1C(=O)c1ccccc1C2=O,Nc1ccc(N)c2c1C(=O)c1ccccc1C2=O,O=C1c2ccccc2C(=O)c2ccccc21,"1,4-diamino-9,10-anthracenedione",-11.85,FreeSolv,1,validation
Nc1ccc(O)c2c1C(=O)c1ccccc1C2=O,Nc1ccc(O)c2c1C(=O)c1ccccc1C2=O,O=C1c2ccccc2C(=O)c2ccccc21,"1-amino-4-hydroxy-9,10-anthracenedione",-9.53,FreeSolv,1,validation
Nc1ccc2c(c1)C(=O)c1ccccc1C2=O,Nc1ccc2c(c1)C(=O)c1ccccc1C2=O,O=C1c2ccccc2C(=O)c2ccccc21,"2-amino-9,10-anthraquinone",-11.53,FreeSolv,1,validation
Nc1cccc2c1C(=O)c1ccccc1C2=O,Nc1cccc2c1C(=O)c1ccccc1C2=O,O=C1c2ccccc2C(=O)c2ccccc21,"1-amino-9,10-anthracenedione",-9.44,FreeSolv,1,validation
O=C1c2ccccc2C(=O)c2c(NCCO)cccc21,O=C1c2ccccc2C(=O)c2c(NCCO)cccc21,O=C1c2ccccc2C(=O)c2ccccc21,"1-(2-hydroxyethylamino)-9,10-anthraquinone",-14.21,FreeSolv,1,validation
C1=CCCCC1,C1=CCCCC1,C1=CCCCC1,cyclohexene,0.14,FreeSolv,1,validation
C=C(C)[C@@H]1CC=C(C)[C@@H](O)C1,C=C(C)C1CC=C(C)C(O)C1,C1=CCCCC1,"(1S,5R)-2-methyl-5-(1-methylethenyl)-2-cyclohexen-1-ol",-4.44,FreeSolv,1,validation
C=C(C)[C@@H]1CC=C(C=O)CC1,C=C(C)C1CC=C(C=O)CC1,C1=CCCCC1,4-(1-Methylethenyl)-1-cyclohexene-1-carboxaldehyde,-4.09,FreeSolv,1,validation
CC1=CCCCC1,CC1=CCCCC1,C1=CCCCC1,1-methylcyclohexene,0.67,FreeSolv,1,validation
C1CNCCN1,C1CNCCN1,C1CNCCN1,piperazine,-7.4,FreeSolv,1,validation
CN1CCN(C)CC1,CN1CCN(C)CC1,C1CNCCN1,"1,4-dimethylpiperazine",-7.58,FreeSolv,1,validation
CN1CCNCC1,CN1CCNCC1,C1CNCCN1,1-methylpiperazine,-7.77,FreeSolv,1,validation
C1CCOCC1,C1CCOCC1,C1CCOCC1,tetrahydropyran,-3.12,FreeSolv,1,validation
O[C@@H]1[C@@H](O)[C@@H](O)OC[C@H]1O,OC1COC(O)C(O)C1O,C1CCOCC1,"(2S,3R,4S,5R)-oxane-2,3,4,5-tetrol",-20.52,FreeSolv,1,validation
OC[C@H]1O[C@@H](O)[C@H](O)[C@@H](O)[C@@H]1O,OCC1OC(O)C(O)C(O)C1O,C1CCOCC1,"(2R,3R,4S,5S,6R)-6-(hydroxymethyl)tetrahydropyran-2,3,4,5-tetrol",-25.47,FreeSolv,1,validation
CC1=CC(=O)[C@H](C(C)C)CC1,CC1=CC(=O)C(C(C)C)CC1,O=C1C=CCCC1,6-isopropyl-3-methyl-1-cyclohex-2-enone,-4.51,FreeSolv,1,validation
CC1=CC(=O)CC(C)(C)C1,CC1=CC(=O)CC(C)(C)C1,O=C1C=CCCC1,"3,5,5-trimethylcyclohex-2-en-1-one",-5.18,FreeSolv,1,validation
Cn1cccc1,Cn1cccc1,c1cc[nH]c1,1-methylpyrrole,-2.89,FreeSolv,1,validation
c1cc[nH]c1,c1cc[nH]c1,c1cc[nH]c1,pyrrole,-4.78,FreeSolv,1,validation
C1CCNCC1,C1CCNCC1,C1CCNCC1,piperidine,-5.11,FreeSolv,1,validation
CN1CCCCC1,CN1CCCCC1,C1CCNCC1,1-methylpiperidine,-3.88,FreeSolv,1,validation
C1COCCO1,C1COCCO1,C1COCCO1,"1,4-dioxane",-5.06,FreeSolv,1,validation
c1ccc2c(c1)ccc1ccccc12,c1ccc2c(c1)ccc1ccccc12,c1ccc2c(c1)ccc1ccccc12,phenanthrene,-3.88,FreeSolv,1,validation
O=c1[nH]c(=O)[nH]c(=O)[nH]1,O=c1[nH]c(=O)[nH]c(=O)[nH]1,O=c1[nH]c(=O)[nH]c(=O)[nH]1,cyanuric acid,-18.06,FreeSolv,1,validation
OC1CCCCCC1,OC1CCCCCC1,C1CCCCCC1,cycloheptanol,-5.48,FreeSolv,1,validation
COP(=S)(OC)SCn1nnc2ccccc2c1=O,COP(=S)(OC)SCn1nnc2ccccc2c1=O,O=c1[nH]nnc2ccccc12,"3-(dimethoxyphosphinothioylsulfanylmethyl)-1,2,3-benzotriazin-4-one",-10.03,FreeSolv,1,validation
Cc1cccc(Nc2ccccc2C(=O)O)c1C,Cc1cccc(Nc2ccccc2C(=O)O)c1C,c1ccc(Nc2ccccc2)cc1,"2-(2,3-dimethylphenyl)aminobenzoic acid",-6.78,FreeSolv,1,validation
c1ccc2c(c1)CCC2,c1ccc2c(c1)CCC2,c1ccc2c(c1)CCC2,indane,-1.46,FreeSolv,1,validation
ClC1=C(Cl)[C@]2(Cl)[C@H]3[C@H]4C[C@H]([C@@H]5O[C@H]45)[C@H]3[C@@]1(Cl)C2(Cl)Cl,ClC1=C(Cl)C2(Cl)C3C4CC(C5OC45)C3C1(Cl)C2(Cl)Cl,C1=CC2CC1C1C3CC(C4OC34)C21,endrin,-4.82,FreeSolv,1,validation
CNC(=O)Oc1cccc2c1OC(C)(C)C2,CNC(=O)Oc1cccc2c1OC(C)(C)C2,c1ccc2c(c1)CCO2,carbofuran,-9.61,FreeSolv,1,validation
C[C@H](C(=O)O)c1cccc(C(=O)c2ccccc2)c1,CC(C(=O)O)c1cccc(C(=O)c2ccccc2)c1,O=C(c1ccccc1)c1ccccc1,ketoprofen,-10.78,FreeSolv,1,validation
Cc1c[nH]c2ccccc12,Cc1c[nH]c2ccccc12,c1ccc2[nH]ccc2c1,3-methyl-1H-indole,-5.88,FreeSolv,1,validation
ClC1=C(Cl)[C@]2(Cl)[C@@H]3[C@@H](Cl)C=C[C@@H]3[C@@]1(Cl)C2(Cl)Cl,ClC1=C(Cl)C2(Cl)C3C(Cl)C=CC3C1(Cl)C2(Cl)Cl,C1=CC2C3C=CC(C3)C2C1,heptachlor,-2.55,FreeSolv,1,validation
Clc1c(Cl)c(Cl)c2c(c1Cl)Oc1c(Cl)c(Cl)c(Cl)c(Cl)c1O2,Clc1c(Cl)c(Cl)c2c(c1Cl)Oc1c(Cl)c(Cl)c(Cl)c(Cl)c1O2,c1ccc2c(c1)Oc1ccccc1O2,"1,2,3,4,6,7,8,9-octachlorodibenzo-p-dioxin",-4.53,FreeSolv,1,calibration
Clc1c(Cl)c(Cl)c2c(c1Cl)Oc1ccccc1O2,Clc1c(Cl)c(Cl)c2c(c1Cl)Oc1ccccc1O2,c1ccc2c(c1)Oc1ccccc1O2,"1,2,3,4-tetrachlorodibenzo-p-dioxin",-3.81,FreeSolv,1,calibration
Clc1cc(Cl)c2c(c1Cl)Oc1ccccc1O2,Clc1cc(Cl)c2c(c1Cl)Oc1ccccc1O2,c1ccc2c(c1)Oc1ccccc1O2,"1,2,4-trichlorodibenzo-p-dioxin",-4.05,FreeSolv,1,calibration
Clc1cc2c(cc1Cl)Oc1c(Cl)c(Cl)c(Cl)c(Cl)c1O2,Clc1cc2c(cc1Cl)Oc1c(Cl)c(Cl)c(Cl)c(Cl)c1O2,c1ccc2c(c1)Oc1ccccc1O2,"1,2,3,4,7,8-hexachlorodibenzo-p-dioxin",-3.71,FreeSolv,1,calibration
Clc1cc2c(cc1Cl)Oc1cc(Cl)c(Cl)cc1O2,Clc1cc2c(cc1Cl)Oc1cc(Cl)c(Cl)cc1O2,c1ccc2c(c1)Oc1ccccc1O2,"2,3,7,8-tetrachlorodibenzo-p-dioxin",-3.37,FreeSolv,1,calibration
Clc1cc2c(cc1Cl)Oc1ccccc1O2,Clc1cc2c(cc1Cl)Oc1ccccc1O2,c1ccc2c(c1)Oc1ccccc1O2,"2,3-dichlorodibenzo-p-dioxin",-3.56,FreeSolv,1,calibration
Clc1ccc2c(c1)Oc1c(Cl)c(Cl)c(Cl)c(Cl)c1O2,Clc1ccc2c(c1)Oc1c(Cl)c(Cl)c(Cl)c(Cl)c1O2,c1ccc2c(c1)Oc1ccccc1O2,"1,2,3,4,7-pentachlorodibenzo-p-dioxin",-4.15,FreeSolv,1,calibration
Clc1ccc2c(c1)Oc1cc(Cl)c(Cl)c(Cl)c1O2,Clc1ccc2c(c1)Oc1cc(Cl)c(Cl)c(Cl)c1O2,c1ccc2c(c1)Oc1ccccc1O2,"1,2,3,7-tetrachlorodibenzo-p-dioxin",-3.84,FreeSolv,1,calibration
Clc1ccc2c(c1)Oc1ccc(Cl)cc1O2,Clc1ccc2c(c1)Oc1ccc(Cl)cc1O2,c1ccc2c(c1)Oc1ccccc1O2,"2,7-dichlorodibenzo-p-dioxin",-3.67,FreeSolv,1,calibration
Clc1ccc2c(c1)Oc1ccccc1O2,Clc1ccc2c(c1)Oc1ccccc1O2,c1ccc2c(c1)Oc1ccccc1O2,2-chlorodibenzo-p-dioxin,-3.1,FreeSolv,1,calibration
Clc1cccc2c1Oc1ccccc1O2,Clc1cccc2c1Oc1ccccc1O2,c1ccc2c(c1)Oc1ccccc1O2,1-chlorodibenzo-p-dioxin,-3.52,FreeSolv,1,calibration
c1ccc2c(c1)Oc1ccccc1O2,c1ccc2c(c1)Oc1ccccc1O2,c1ccc2c(c1)Oc1ccccc1O2,dibenzo-p-dioxin,-3.15,FreeSolv,1,calibration
CC[C@H](C)n1c(=O)[nH]c(C)c(Br)c1=O,CCC(C)n1c(=O)[nH]c(C)c(Br)c1=O,O=c1cc[nH]c(=O)[nH]1,bromacil,-9.73,FreeSolv,1,calibration
Cc1[nH]c(=O)n(C(C)(C)C)c(=O)c1Cl,Cc1[nH]c(=O)n(C(C)(C)C)c(=O)c1Cl,O=c1cc[nH]c(=O)[nH]1,terbacil,-11.14,FreeSolv,1,calibration
O=c1[nH]cc(Br)c(=O)[nH]1,O=c1[nH]cc(Br)c(=O)[nH]1,O=c1cc[nH]c(=O)[nH]1,5-bromouracil,-18.17,FreeSolv,1,calibration
O=c1[nH]cc(C(F)(F)F)c(=O)[nH]1,O=c1[nH]cc(C(F)(F)F)c(=O)[nH]1,O=c1cc[nH]c(=O)[nH]1,5-trifluoromethyluracil,-15.46,FreeSolv,1,calibration
O=c1[nH]cc(Cl)c(=O)[nH]1,O=c1[nH]cc(Cl)c(=O)[nH]1,O=c1cc[nH]c(=O)[nH]1,5-chlorouracil,-17.74,FreeSolv,1,calibration
O=c1[nH]cc(F)c(=O)[nH]1,O=c1[nH]cc(F)c(=O)[nH]1,O=c1cc[nH]c(=O)[nH]1,5-fluorouracil,-16.92,FreeSolv,1,calibration
O=c1[nH]cc(I)c(=O)[nH]1,O=c1[nH]cc(I)c(=O)[nH]1,O=c1cc[nH]c(=O)[nH]1,5-iodouracil,-18.72,FreeSolv,1,calibration
O=c1cc(Cl)[nH]c(=O)[nH]1,O=c1cc(Cl)[nH]c(=O)[nH]1,O=c1cc[nH]c(=O)[nH]1,6-chlorouracil,-15.83,FreeSolv,1,calibration
C1CC1,C1CC1,C1CC1,cyclopropane,0.75,FreeSolv,1,calibration
CC(=O)C1CC1,CC(=O)C1CC1,C1CC1,1-cyclopropylethanone,-4.61,FreeSolv,1,calibration
COC(=O)C1CC1,COC(=O)C1CC1,C1CC1,methyl cyclopropanecarboxylate,-4.1,FreeSolv,1,calibration
C1CCOC1,C1CCOC1,C1CCOC1,tetrahydrofuran,-3.47,FreeSolv,1,calibration
C[C@H]1CC[C@H](C)O1,CC1CCC(C)O1,C1CCOC1,"2,5-dimethyltetrahydrofuran",-2.92,FreeSolv,1,calibration
C[C@H]1CCCO1,CC1CCCO1,C1CCOC1,2-methyltetrahydrofuran,-3.3,FreeSolv,1,calibration
Cc1c[nH]cn1,Cc1c[nH]cn1,c1c[nH]cn1,4-methyl-1H-imidazole,-10.27,FreeSolv,1,calibration
Cn1ccnc1,Cn1ccnc1,c1c[nH]cn1,1-methylimidazole,-8.41,FreeSolv,1,calibration
c1c[nH]cn1,c1c[nH]cn1,c1c[nH]cn1,imidazole,-9.63,FreeSolv,1,calibration
Cc1cccs1,Cc1cccs1,c1ccsc1,2-methylthiophene,-1.38,FreeSolv,1,calibration
c1ccsc1,c1ccsc1,c1ccsc1,thiophene,-1.4,FreeSolv,1,calibration
C1COCCN1,C1COCCN1,C1COCCN1,morpholine,-7.17,FreeSolv,1,calibration
CN1CCOCC1,CN1CCOCC1,C1COCCN1,4-methylmorpholine,-6.32,FreeSolv,1,calibration
C1CCNC1,C1CCNC1,C1CCNC1,pyrrolidine,-5.48,FreeSolv,1,calibration
CC(=O)N1CCCC1,CC(=O)N1CCCC1,C1CCNC1,1-pyrrolidin-1-ylethanone,-9.8,FreeSolv,1,calibration
c1ccc2ncccc2c1,c1ccc2ncccc2c1,c1ccc2ncccc2c1,quinoline,-5.72,FreeSolv,1,calibration
c1ccc2c(c1)Cc1ccccc1-2,c1ccc2c(c1)Cc1ccccc1-2,c1ccc2c(c1)Cc1ccccc1-2,9H-fluorene,-3.35,FreeSolv,1,calibration
c1ccc(Oc2ccccc2)cc1,c1ccc(Oc2ccccc2)cc1,c1ccc(Oc2ccccc2)cc1,diphenyl ether,-2.87,FreeSolv,1,calibration
O=C1C=CC(=O)C=C1,O=C1C=CC(=O)C=C1,O=C1C=CC(=O)C=C1,quinone,-6.5,FreeSolv,1,calibration
O=S1OC[C@@H]2[C@H](CO1)[C@]1(Cl)C(Cl)=C(Cl)[C@@]2(Cl)C1(Cl)Cl,O=S1OCC2C(CO1)C1(Cl)C(Cl)=C(Cl)C2(Cl)C1(Cl)Cl,O=S1OCC2C3C=CC(C3)C2CO1,endosulfan alpha,-4.23,FreeSolv,1,calibration
Nc1cnn(-c2ccccc2)c(=O)c1Cl,Nc1cnn(-c2ccccc2)c(=O)c1Cl,O=c1cccnn1-c1ccccc1,5-Amino-4-chloro-2-phenylpyridazin-3(2H)-one,-16.43,FreeSolv,1,calibration
[O-][S+2]1([O-])CCCC1,[O-][S+2]1([O-])CCCC1,C1CC[SH2+2]C1,sulfolane,-8.61,FreeSolv,1,calibration
c1ccc2c(c1)Cc1ccccc1C2,c1ccc2c(c1)Cc1ccccc1C2,c1ccc2c(c1)Cc1ccccc1C2,"9,10-dihydroanthracene",-3.78,FreeSolv,1,calibration
Cn1c(=O)c2c(ncn2C)n(C)c1=O,Cn1c(=O)c2c(ncn2C)n(C)c1=O,O=c1[nH]c(=O)c2[nH]cnc2[nH]1,caffeine,-12.64,FreeSolv,1,calibration
C1CNC1,C1CNC1,C1CNC1,azetidine,-5.56,FreeSolv,1,calibration
c1cc2ccc3cccc4ccc(c1)c2c34,c1cc2ccc3cccc4ccc(c1)c2c34,c1cc2ccc3cccc4ccc(c1)c2c34,pyrene,-4.52,FreeSolv,1,calibration
CC(=O)c1cccnc1,CC(=O)c1cccnc1,c1ccncc1,1-(3-pyridyl)ethanone,-8.26,FreeSolv,1,test
CC(=O)c1ccncc1,CC(=O)c1ccncc1,c1ccncc1,1-(4-pyridyl)ethanone,-7.62,FreeSolv,1,test
CCOP(=S)(OCC)Oc1nc(Cl)c(Cl)cc1Cl,CCOP(=S)(OCC)Oc1nc(Cl)c(Cl)cc1Cl,c1ccncc1,chlorpyrifos,-5.04,FreeSolv,1,test
CCc1ccccn1,CCc1ccccn1,c1ccncc1,2-ethylpyridine,-4.33,FreeSolv,1,test
CCc1cccnc1,CCc1cccnc1,c1ccncc1,3-ethylpyridine,-4.59,FreeSolv,1,test
CCc1ccncc1,CCc1ccncc1,c1ccncc1,4-ethylpyridine,-4.73,FreeSolv,1,test
Cc1ccc(C)nc1,Cc1ccc(C)nc1,c1ccncc1,"2,5-dimethylpyridine",-4.72,FreeSolv,1,test
Cc1cccc(C)n1,Cc1cccc(C)n1,c1ccncc1,"2,6-dimethylpyridine",-4.59,FreeSolv,1,test
Cc1ccccn1,Cc1ccccn1,c1ccncc1,2-methylpyridine,-4.63,FreeSolv,1,test
Cc1cccnc1,Cc1cccnc1,c1ccncc1,3-methylpyridine,-4.77,FreeSolv,1,test
Cc1cccnc1C,Cc1cccnc1C,c1ccncc1,"2,3-dimethylpyridine",-4.82,FreeSolv,1,test
Cc1ccnc(C)c1,Cc1ccnc(C)c1,c1ccncc1,"2,4-dimethylpyridine",-4.86,FreeSolv,1,test
Cc1ccncc1,Cc1ccncc1,c1ccncc1,4-methylpyridine,-4.93,FreeSolv,1,test
Cc1ccncc1C,Cc1ccncc1C,c1ccncc1,"3,4-dimethylpyridine",-5.22,FreeSolv,1,test
Cc1cncc(C)c1,Cc1cncc(C)c1,c1ccncc1,"3,5-dimethylpyridine",-4.84,FreeSolv,1,test
Clc1ccccn1,Clc1ccccn1,c1ccncc1,2-chloropyridine,-4.39,FreeSolv,1,test
Clc1cccnc1,Clc1cccnc1,c1ccncc1,3-chloropyridine,-4.01,FreeSolv,1,test
N#Cc1cccnc1,N#Cc1cccnc1,c1ccncc1,pyridine-3-carbonitrile,-6.75,FreeSolv,1,test
N#Cc1ccncc1,N#Cc1ccncc1,c1ccncc1,pyridine-4-carbonitrile,-6.02,FreeSolv,1,test
O=Cc1cccnc1,O=Cc1cccnc1,c1ccncc1,pyridine-3-carbaldehyde,-7.1,FreeSolv,1,test
O=Cc1ccncc1,O=Cc1ccncc1,c1ccncc1,pyridine-4-carbaldehyde,-7.0,FreeSolv,1,test
c1ccncc1,c1ccncc1,c1ccncc1,pyridine,-4.69,FreeSolv,1,test
C[C@H](C(=O)O)c1ccc(-c2ccccc2)c(F)c1,CC(C(=O)O)c1ccc(-c2ccccc2)c(F)c1,c1ccc(-c2ccccc2)cc1,flurbiprofen,-8.42,FreeSolv,1,test
Clc1c(Cl)c(Cl)c(-c2c(Cl)c(Cl)c(Cl)c(Cl)c2Cl)c(Cl)c1Cl,Clc1c(Cl)c(Cl)c(-c2c(Cl)c(Cl)c(Cl)c(Cl)c2Cl)c(Cl)c1Cl,c1ccc(-c2ccccc2)cc1,"1,2,3,4,5-pentachloro-6-(2,3,4,5,6-pentachlorophenyl)benzene",-2.98,FreeSolv,1,test
Clc1cc(-c2c(Cl)cc(Cl)c(Cl)c2Cl)c(Cl)c(Cl)c1Cl,Clc1cc(-c2c(Cl)cc(Cl)c(Cl)c2Cl)c(Cl)c(Cl)c1Cl,c1ccc(-c2ccccc2)cc1,"1,2,3,4-tetrachloro-5-(2,3,4,6-tetrachlorophenyl)benzene",-4.61,FreeSolv,1,test
Clc1cc(-c2cc(Cl)c(Cl)c(Cl)c2Cl)cc(Cl)c1Cl,Clc1cc(-c2cc(Cl)c(Cl)c(Cl)c2Cl)cc(Cl)c1Cl,c1ccc(-c2ccccc2)cc1,"1,2,3,4-tetrachloro-5-(3,4,5-trichlorophenyl)benzene",-3.17,FreeSolv,1,test
Clc1cc(-c2ccccc2)c(Cl)c(Cl)c1Cl,Clc1cc(-c2ccccc2)c(Cl)c(Cl)c1Cl,c1ccc(-c2ccccc2)cc1,"1,2,3,4-tetrachloro-5-phenyl-benzene",-3.48,FreeSolv,1,test
Clc1cc(Cl)c(-c2c(Cl)cccc2Cl)c(Cl)c1,Clc1cc(Cl)c(-c2c(Cl)cccc2Cl)c(Cl)c1,c1ccc(-c2ccccc2)cc1,"1,3,5-trichloro-2-(2,6-dichlorophenyl)benzene",-1.96,FreeSolv,1,test
Clc1cc(Cl)c(-c2ccccc2)c(Cl)c1,Clc1cc(Cl)c(-c2ccccc2)c(Cl)c1,c1ccc(-c2ccccc2)cc1,"1,3,5-trichloro-2-phenyl-benzene",-2.16,FreeSolv,1,test
Clc1ccc(-c2c(Cl)c(Cl)cc(Cl)c2Cl)cc1Cl,Clc1ccc(-c2c(Cl)c(Cl)cc(Cl)c2Cl)cc1Cl,c1ccc(-c2ccccc2)cc1,"1,2,4,5-tetrachloro-3-(3,4-dichlorophenyl)benzene",-4.38,FreeSolv,1,test
Clc1ccc(-c2cc(Cl)c(Cl)c(Cl)c2Cl)c(Cl)c1Cl,Clc1ccc(-c2cc(Cl)c(Cl)c(Cl)c2Cl)c(Cl)c1Cl,c1ccc(-c2ccccc2)cc1,"1,2,3,4-tetrachloro-5-(2,3,4-trichlorophenyl)benzene",-4.4,FreeSolv,1,test
Clc1ccc(-c2cc(Cl)c(Cl)c(Cl)c2Cl)cc1Cl,Clc1ccc(-c2cc(Cl)c(Cl)c(Cl)c2Cl)cc1Cl,c1ccc(-c2ccccc2)cc1,"1,2,3,4-tetrachloro-5-(3,4-dichlorophenyl)benzene",-3.04,FreeSolv,1,test
Clc1ccc(Cl)c(-c2cc(Cl)c(Cl)c(Cl)c2)c1,Clc1ccc(Cl)c(-c2cc(Cl)c(Cl)c(Cl)c2)c1,c1ccc(-c2ccccc2)cc1,"1,2,3-trichloro-5-(2,5-dichlorophenyl)benzene",-3.61,FreeSolv,1,test
Clc1ccc(Cl)c(-c2ccccc2)c1,Clc1ccc(Cl)c(-c2ccccc2)c1,c1ccc(-c2ccccc2)cc1,"1,4-dichloro-2-phenyl-benzene",-2.46,FreeSolv,1,test
Clc1cccc(Cl)c1-c1c(Cl)cccc1Cl,Clc1cccc(Cl)c1-c1c(Cl)cccc1Cl,c1ccc(-c2ccccc2)cc1,"1,3-dichloro-2-(2,6-dichlorophenyl)benzene",-2.28,FreeSolv,1,test
Clc1ccccc1-c1ccccc1,Clc1ccccc1-c1ccccc1,c1ccc(-c2ccccc2)cc1,1-chloro-2-phenyl-benzene,-2.69,FreeSolv,1,test
O=C(O)c1cc(-c2ccc(F)cc2F)ccc1O,O=C(O)c1cc(-c2ccc(F)cc2F)ccc1O,c1ccc(-c2ccccc2)cc1,diflunisal,-9.4,FreeSolv,1,test
c1ccc(-c2ccccc2)cc1,c1ccc(-c2ccccc2)cc1,c1ccc(-c2ccccc2)cc1,biphenyl,-2.7,FreeSolv,1,test
C1CCCCC1,C1CCCCC1,C1CCCCC1,cyclohexane,1.23,FreeSolv,1,test
CC(=O)C1CCCCC1,CC(=O)C1CCCCC1,C1CCCCC1,1-cyclohexylethanone,-3.9,FreeSolv,1,test
CC(C)[C@@H]1CC[C@@H](C)C[C@H]1O,CC1CCC(C(C)C)C(O)C1,C1CCCCC1,"(1R,2S,5R)-2-isopropyl-5-methylcyclohexanol",-3.2,FreeSolv,1,test
CC1CCC(C)CC1,CC1CCC(C)CC1,C1CCCCC1,"1,4-dimethylcyclohexane",2.11,FreeSolv,1,test
CC1CCCCC1,CC1CCCCC1,C1CCCCC1,methylcyclohexane,1.7,FreeSolv,1,test
C[C@@H]1CCCC[C@@H]1C,CC1CCCCC1C,C1CCCCC1,"1,2-dimethylcyclohexane",1.58,FreeSolv,1,test
COC(=O)C1CCCCC1,COC(=O)C1CCCCC1,C1CCCCC1,methyl cyclohexanecarboxylate,-3.3,FreeSolv,1,test
NC1CCCCC1,NC1CCCCC1,C1CCCCC1,cyclohexanamine,-4.59,FreeSolv,1,test
OC1CCCCC1,OC1CCCCC1,C1CCCCC1,cyclohexanol,-5.46,FreeSolv,1,test
C1CCCC1,C1CCCC1,C1CCCC1,cyclopentane,1.2,FreeSolv,1,test
CC1CCCC1,CC1CCCC1,C1CCCC1,methylcyclopentane,1.59,FreeSolv,1,test
CCCC1CCCC1,CCCC1CCCC1,C1CCCC1,propylcyclopentane,2.13,FreeSolv,1,test
CCCCCC1CCCC1,CCCCCC1CCCC1,C1CCCC1,pentylcyclopentane,2.55,FreeSolv,1,test
OC1CCCC1,OC1CCCC1,C1CCCC1,cyclopentanol,-5.49,FreeSolv,1,test
C=C(C)[C@@H]1CC[C@@H](C)C(=O)C1,C=C(C)C1CCC(C)C(=O)C1,O=C1CCCCC1,"(2R,5R)-2-methyl-5-(1-methylethenyl)-cyclohexanone",-3.75,FreeSolv,1,test
CC(C)[C@@H]1CC[C@@H](C)CC1=O,CC1CCC(C(C)C)C(=O)C1,O=C1CCCCC1,"(2S,5R)-2-isopropyl-5-methylcyclohexanone",-2.53,FreeSolv,1,test
O=C1CCCCC1,O=C1CCCCC1,O=C1CCCCC1,cyclohexanone,-4.91,FreeSolv,1,test
CCNc1nc(Cl)nc(NCC)n1,CCNc1nc(Cl)nc(NCC)n1,c1ncncn1,simazine,-10.22,FreeSolv,1,test
CCNc1nc(NC(C)(C)C)nc(SC)n1,CCNc1nc(NC(C)(C)C)nc(SC)n1,c1ncncn1,terbutryn,-6.68,FreeSolv,1,test
CCNc1nc(NC(C)C)nc(SC)n1,CCNc1nc(NC(C)C)nc(SC)n1,c1ncncn1,"2-N-ethyl-6-(methylsulfanyl)-4-N-(propan-2-yl)-1,3,5-triazine-2,4-diamine",-7.65,FreeSolv,1,test
CC(C)Cc1cnccn1,CC(C)Cc1cnccn1,c1cnccn1,2-isobutylpyrazine,-5.04,FreeSolv,1,test
CCc1cnccn1,CCc1cnccn1,c1cnccn1,2-ethylpyrazine,-5.45,FreeSolv,1,test
Cc1cnccn1,Cc1cnccn1,c1cnccn1,2-methylpyrazine,-5.51,FreeSolv,1,test
CCOP(=S)(OCC)Oc1cc(C)nc(C(C)C)n1,CCOP(=S)(OCC)Oc1cc(C)nc(C(C)C)n1,c1cncnc1,diazinon,-6.48,FreeSolv,1,test
Cc1nc(N(C)C)nc(OC(=O)N(C)C)c1C,Cc1nc(N(C)C)nc(OC(=O)N(C)C)c1C,c1cncnc1,pirimor,-9.41,FreeSolv,1,test
CCOP(=S)(OCC)S[C@@H](CCl)N1C(=O)c2ccccc2C1=O,CCOP(=S)(OCC)SC(CCl)N1C(=O)c2ccccc2C1=O,O=C1NC(=O)c2ccccc21,dialifor,-5.74,FreeSolv,1,test
O=C1NC(=O)c2ccccc21,O=C1NC(=O)c2ccccc21,O=C1NC(=O)c2ccccc21,phthalimide,-9.61,FreeSolv,1,test
C1=CCCC1,C1=CCCC1,C1=CCCC1,cyclopentene,0.56,FreeSolv,1,test
CN(C)CCOC(c1ccccc1)c1ccccc1,CN(C)CCOC(c1ccccc1)c1ccccc1,c1ccc(Cc2ccccc2)cc1,[2-benzhydryloxyethyl]-dimethyl-amine,-9.34,FreeSolv,1,test
C1=CC=CCC=C1,C1=CC=CCC=C1,C1=CC=CCC=C1,"cyclohepta-1,3,5-triene",-0.99,FreeSolv,1,test
O=C1[C@@H]2CC=CC[C@H]2C(=O)N1SC(Cl)(Cl)Cl,O=C1C2CC=CCC2C(=O)N1SC(Cl)(Cl)Cl,O=C1NC(=O)C2CC=CCC12,captan,-9.01,FreeSolv,1,test
CCCN(CC1CC1)c1c([N+](=O)[O-])cc(C(F)(F)F)cc1[N+](=O)[O-],CCCN(CC1CC1)c1c([N+](=O)[O-])cc(C(F)(F)F)cc1[N+](=O)[O-],c1ccc(NCC2CC2)cc1,profluralin,-2.45,FreeSolv,1,test
ClC1=C(Cl)[C@]2(Cl)[C@@H]3[C@@H]([C@H](Cl)C[C@@H]3Cl)[C@@]1(Cl)C2(Cl)Cl,ClC1=C(Cl)C2(Cl)C3C(Cl)CC(Cl)C3C1(Cl)C2(Cl)Cl,C1=CC2CC1C1CCCC21,chlordane,-3.44,FreeSolv,1,test
CN(C)CCC=C1c2ccccc2CCc2ccccc21,CN(C)CCC=C1c2ccccc2CCc2ccccc21,C=C1c2ccccc2CCc2ccccc21,Amitriptyline,-7.43,FreeSolv,1,test
C=C(c1ccccc1)c1ccccc1,C=C(c1ccccc1)c1ccccc1,C=C(c1ccccc1)c1ccccc1,"1,1-diphenylethene",-2.78,FreeSolv,1,test
c1ccc(Cn2ccnc2)cc1,c1ccc(Cn2ccnc2)cc1,c1ccc(Cn2ccnc2)cc1,1-benzylimidazole,-7.63,FreeSolv,1,test
c1cc2c3c(cccc3c1)CC2,c1cc2c3c(cccc3c1)CC2,c1cc2c3c(cccc3c1)CC2,acenaphthene,-3.15,FreeSolv,1,test
FC1(F)C(F)(F)C(F)(F)C1(F)F,FC1(F)C(F)(F)C(F)(F)C1(F)F,C1CCC1,octafluorocyclobutane,3.43,FreeSolv,1,test
c1ccc2cc3ccccc3cc2c1,c1ccc2cc3ccccc3cc2c1,c1ccc2cc3ccccc3cc2c1,anthracene,-3.95,FreeSolv,1,test
O=C1CCCC1,O=C1CCCC1,O=C1CCCC1,cyclopentanone,-4.7,FreeSolv,1,test
