canonical_smiles,scaffold,split,logS,replicate_count
BrC(Br)(Br)Br,,train,-3.14,1
BrC(Br)Br,,train,-1.91,1
BrCBr,,train,-1.17,1
BrCCBr,,train,-1.68,1
Brc1cc(Br)c(Br)cc1Br,c1ccccc1,train,-6.98,1
Brc1cc(Br)cc(Br)c1,c1ccccc1,train,-5.6,1
Brc1ccc(Br)c(Br)c1,c1ccccc1,train,-4.5,1
Brc1ccc(Br)cc1,c1ccccc1,train,-4.07,1
Brc1ccc(I)cc1,c1ccccc1,train,-4.56,1
Brc1ccc2ccccc2c1,c1ccc2ccccc2c1,train,-4.4,2
Brc1cccc(Br)c1,c1ccccc1,train,-3.54,1
Brc1cccc2ccccc12,c1ccc2ccccc2c1,train,-4.35,1
Brc1ccccc1,c1ccccc1,train,-2.55,1
Brc1ccccc1Br,c1ccccc1,train,-3.5,1
C,,train,-0.9,1
C#C,,train,0.29,1
C#CC,,train,-0.41,1
C#CC(C)N(C)C(=O)Nc1ccc(Cl)cc1,c1ccccc1,train,-3.9,1
C#CC(C)OC(=O)Nc1cccc(Cl)c1,c1ccccc1,train,-2.617,1
C#CC1(O)CCC2C3CCC4=CC(=O)CCC4(C)C3CCC21C,O=C1C=C2CCC3C4CCCC4CCC3C2CC1,train,-5.66,1
C#CC1(O)CCC2C3CCC4=CC(=O)CCC4(O)C3CCC21C,O=C1C=C2CCC3C4CCCC4CCC3C2CC1,train,-4.57,1
C#CC1(O)CCC2C3CCC4=Cc5oncc5CC4(C)C3CCC21C,C1=C2CCC3C4CCCC4CCC3C2Cc2cnoc21,test,-5.507000000000001,1
C#CC1(O)CCC2C3CCc4cc(O)ccc4C3CCC21C,c1ccc2c(c1)CCC1C2CCC2CCCC21,train,-4.3,1
C#CC1(OC(C)=O)CCC2C3CCC4=CC(=O)CCC4C3CCC21C,O=C1C=C2CCC3C4CCCC4CCC3C2CC1,train,-4.8,1
C#CCC,,train,-1.24,1
C#CCCC,,train,-1.64,1
C#CCCCC,,train,-2.36,1
C#CCCCCC,,train,-3.01,1
C#CCCCCCC,,train,-3.66,1
C#CCCCCCCC,,train,-4.24,1
C/C=C/C=O,,train,0.32,1
C/C=C/CC,,train,-2.54,1
C/C=C/CCCC,,train,-3.82,1
C/C=C\CC,,train,-2.54,1
C1=CCC=CC1,C1=CCC=CC1,test,-2.06,1
C1=CCCC1,C1=CCCC1,test,-2.1,1
C1=CCCCC1,C1=CCCCC1,train,-2.59,1
C1=CCCCCC1,C1=CCCCCC1,test,-3.18,1
C1=Cc2cccc3cccc1c23,C1=Cc2cccc3cccc1c23,test,-3.96,1
C1CCC2CCCCC2C1,C1CCC2CCCCC2C1,test,-5.19,1
C1CCCC1,C1CCCC1,train,-2.64,1
C1CCCCC1,C1CCCCC1,train,-3.1,1
C1CCCCCC1,C1CCCCCC1,train,-3.51,1
C1CCCCCCC1,C1CCCCCCC1,train,-4.15,1
C1CCOC1,C1CCOC1,train,0.49,1
C1CCOCC1,C1CCOCC1,train,-0.03,1
C=C,,train,-0.4,1
C=C(Br)CC1(C(C)CC)C(=O)NC(=O)NC1=O,O=C1CC(=O)NC(=O)N1,train,-2.647,1
C=C(C)C,,train,-2.33,1
C=C(C)C(=C)C,,train,-2.4,1
C=C(C)C1CC=C(C)C(=O)C1,O=C1C=CCCC1,train,-2.06,1
C=C(C)C1CC=C(C)CC1,C1=CCCCC1,train,-4.26,1
C=C(C)C1Cc2c(ccc3c2OC2COc4cc(OC)c(OC)cc4C2C3=O)O1,O=C1c2ccc3c(c2OC2COc4ccccc4C12)CCO3,test,-4.42,1
C=C(C)CC,,train,-2.73,1
C=C(C)CCC,,train,-3.03,1
C=C(C)CN(CC)c1c([N+](=O)[O-])cc(C(F)(F)F)cc1[N+](=O)[O-],c1ccccc1,train,-6.124,1
C=C(Cl)CSC(=S)N(CC)CC,,train,-3.39,1
C=C(Cl)Cl,,train,-1.64,1
C=CC,,train,-1.08,1
C=CC#N,,train,0.15,1
C=CC(=C)C,,train,-2.03,1
C=CC(=O)OC,,train,-0.22,1
C=CC(C)(O)CCC=C(C)C,,train,-1.99,1
C=CC(C)C,,train,-2.73,1
C=CC(O)CCC,,train,-0.59,1
C=CC1(C)OC(=O)N(c2cc(Cl)cc(Cl)c2)C1=O,O=C1COC(=O)N1c1ccccc1,test,-4.925,1
C=CC=C,,train,-1.87,1
C=CC=O,,train,0.57,1
C=CCC,,train,-1.94,1
C=CCC1(C(C)C)C(=O)NC(=O)NC1=O,O=C1CC(=O)NC(=O)N1,train,-1.7080000000000002,1
C=CCC1(C(C)CC)C(=O)NC(=O)NC1=O,O=C1CC(=O)NC(=O)N1,train,-2.016,1
C=CCC1(C(C)CCC)C(=O)NC(=O)NC1=O,O=C1CC(=O)NC(=O)N1,train,-2.356,1
C=CCC1(C(C)CCC)C(=O)NC(=S)NC1=O,O=C1CC(=O)NC(=S)N1,train,-3.46,1
C=CCC1(C)C(=O)NC(=O)NC1=O,O=C1CC(=O)NC(=O)N1,train,-1.16,1
C=CCC1(CC)C(=O)NC(=O)NC1=O,O=C1CC(=O)NC(=O)N1,train,-1.614,1
C=CCC1(CC=C)C(=O)NC(=O)NC1=O,O=C1CC(=O)NC(=O)N1,train,-2.077,1
C=CCC1(c2ccccc2)C(=O)NC(=O)NC1=O,O=C1NC(=O)C(c2ccccc2)C(=O)N1,train,-2.369,1
C=CCC=C,,train,-2.09,1
C=CCCC,,train,-2.68,1
C=CCCC=C,,train,-2.68,1
C=CCCCC,,train,-3.23,1
C=CCCCCC,,train,-3.73,1
C=CCCCCCC,,train,-4.44,1
C=CCCCCCCC,,train,-5.05,1
C=CCCCCCCCC,,train,-5.51,1
C=CCCCO,,train,-0.15,1
C=CCSS(=O)CC=C,,train,-0.83,1
C=CCc1ccc(O)c(OC)c1,c1ccccc1,train,-1.56,1
C=CCc1ccc(OC)cc1,c1ccccc1,train,-2.92,1
C=CCl,,train,-1.75,1
C=COCC,,train,-0.85,1
C=Cc1ccccc1,c1ccccc1,train,-2.82,1
CBr,,train,-0.79,1
CC,,train,-1.36,1
CC#N,,train,0.26,1
CC(=O)C(C)(C)C,,train,-0.72,1
CC(=O)C(C)C,,train,-0.12,1
CC(=O)C1(C)CCC2C3C=C(C)C4=CC(=O)CCC4(C)C3CCC21C,O=C1C=C2C=CC3C4CCCC4CCC3C2CC1,train,-5.27,1
CC(=O)C1(O)CCC2C3CC(C)C4=CC(=O)C=CC4(C)C3(F)C(O)CC21C,O=C1C=CC2C(=C1)CCC1C3CCCC3CCC21,train,-4.099,1
CC(=O)C1(O)CCC2C3CCC4=CC(=O)CCC4(C)C3CCC21C,O=C1C=C2CCC3C4CCCC4CCC3C2CC1,train,-3.8169999999999997,1
CC(=O)C1CCC2C3CC=C4CC(O)CCC4(C)C3CCC12C,C1=C2CCCCC2C2CCC3CCCC3C2C1,test,-4.65,1
CC(=O)C1CCC2C3CCC4=CC(=O)CCC4(C)C3CCC12C,O=C1C=C2CCC3C4CCCC4CCC3C2CC1,train,-4.42,1
CC(=O)CC(C)C,,train,-0.74,1
CC(=O)CC(c1ccc(Cl)cc1)c1c(O)c2ccccc2oc1=O,O=c1oc2ccccc2cc1Cc1ccccc1,test,-5.8389999999999995,1
CC(=O)CC(c1ccccc1)c1c(O)c2ccccc2oc1=O,O=c1oc2ccccc2cc1Cc1ccccc1,test,-3.8930000000000002,1
CC(=O)CCC1C(=O)N(c2ccccc2)N(c2ccccc2)C1=O,O=C1CC(=O)N(c2ccccc2)N1c1ccccc1,train,-3.27,1
CC(=O)N(C)C,,train,1.11,1
CC(=O)N(c1onc(C)c1C)S(=O)c1ccc(N)cc1,O=S(Nc1ccno1)c1ccccc1,test,-3.59,1
CC(=O)Nc1cc(NS(=O)(=O)C(F)(F)F)c(C)cc1C,c1ccccc1,train,-3.24,1
CC(=O)Nc1ccc(Br)cc1,c1ccccc1,train,-3.083,1
CC(=O)Nc1ccc(Cl)cc1,c1ccccc1,train,-2.843,1
CC(=O)Nc1ccc(F)cc1,c1ccccc1,train,-1.78,1
CC(=O)Nc1ccc(O)cc1,c1ccccc1,train,-1.03,1
CC(=O)Nc1ccc([N+](=O)[O-])cc1,c1ccccc1,train,-2.6919999999999997,1
CC(=O)Nc1ccccc1,c1ccccc1,train,-1.33,1
CC(=O)Nc1nnc(S(N)(=O)=O)s1,c1nncs1,test,-2.36,1
CC(=O)OC(C)C,,train,-0.55,1
CC(=O)OC1(C(C)=O)CCC2C3C=C(C)C4=CC(=O)CCC4(C)C3CCC21C,O=C1C=C2C=CC3C4CCCC4CCC3C2CC1,train,-5.35,1
CC(=O)OC1(C)CCC2C3CCC4=CC(=O)CCC4(C)C3CCC21C,O=C1C=C2CCC3C4CCCC4CCC3C2CC1,train,-5.284,1
CC(=O)OC1CCC2C3CCC4=CC(=O)CCC4(C)C3CCC12C,O=C1C=C2CCC3C4CCCC4CCC3C2CC1,train,-5.184,1
CC(=O)OCC(=O)C1(O)C(C)CC2C3CCC4=CC(=O)C=CC4(C)C3(F)C(O)CC21C,O=C1C=CC2C(=C1)CCC1C3CCCC3CCC21,train,-4.9,1
CC(=O)OCC(=O)C1(O)C(OC(C)=O)CC2C3CCC4=CC(=O)C=CC4(C)C3(F)C(O)CC21C,O=C1C=CC2C(=C1)CCC1C3CCCC3CCC21,train,-4.13,1
CC(=O)OCC(=O)C1(O)CCC2C3CCC4=CC(=O)C=CC4(C)C3C(O)CC21C,O=C1C=CC2C(=C1)CCC1C3CCCC3CCC21,train,-4.37,1
CC(=O)OCC(=O)C1(O)CCC2C3CCC4=CC(=O)CCC4(C)C3C(=O)CC21C,O=C1C=C2CCC3C4CCCC4CC(=O)C3C2CC1,train,-4.21,1
CC(=O)OCC(=O)C1(O)CCC2C3CCC4=CC(=O)CCC4(C)C3C(O)CC21C,O=C1C=C2CCC3C4CCCC4CCC3C2CC1,train,-4.88,1
CC(=O)OCC(=O)C1CCC2C3CCC4=CC(=O)CCC4(C)C3CCC12C,O=C1C=C2CCC3C4CCCC4CCC3C2CC1,train,-4.63,1
CC(=O)OCC(C)C,,train,-1.21,1
CC(=O)OCC(COC(C)=O)OC(C)=O,,train,-0.6,1
CC(=O)OCCC(C)C,,train,-1.92,1
CC(=O)OCN1C(=O)NC(c2ccccc2)(c2ccccc2)C1=O,O=C1NC(=O)C(c2ccccc2)(c2ccccc2)N1,train,-4.47,1
CC(=O)SC1CC2=CC(=O)CCC2(C)C2CCC3(C)C(CCC34CCC(=O)O4)C12,O=C1C=C2CCC3C(CCC4C3CCC43CCC(=O)O3)C2CC1,test,-4.173,1
CC(=O)c1ccccc1,c1ccccc1,train,-1.28,1
CC(C)(C)C(=O)C(Oc1ccc(Cl)cc1)n1cncn1,c1ccc(OCn2cncn2)cc1,test,-3.61,1
CC(C)(C)CCO,,train,-0.5,1
CC(C)(C)CO,,train,-0.4,1
CC(C)(C)Cc1ccccc1,c1ccccc1,train,-4.15,1
CC(C)(C)c1ccc(O)cc1,c1ccccc1,train,-2.41,1
CC(C)(C)c1ccccc1,c1ccccc1,train,-3.66,1
CC(C)=CC1C(C(=O)OCc2cccc(Oc3ccccc3)c2)C1(C)C,O=C(OCc1cccc(Oc2ccccc2)c1)C1CC1,train,-5.24,1
CC(C)=CCC/C(C)=C\CO,,train,-2.46,1
CC(C)=CCC1(C(C)C)C(=O)NC(=O)NC1=O,O=C1CC(=O)NC(=O)N1,train,-2.593,1
CC(C)=CCCC(C)=CC=O,,train,-2.06,1
CC(C)Br,,train,-1.59,1
CC(C)C,,train,-2.55,1
CC(C)C(=O)C(C)C,,train,-1.3,1
CC(C)C(C(=O)OC(C#N)c1cccc(Oc2ccccc2)c1)c1ccc(OC(F)F)cc1,O=C(Cc1ccccc1)OCc1cccc(Oc2ccccc2)c1,test,-6.876,1
CC(C)C(C)(C)C,,train,-4.36,1
CC(C)C(C)C,,train,-3.65,1
CC(C)C(C)C(C)C,,train,-4.8,1
CC(C)C(C)O,,train,-0.18,1
CC(C)C(Nc1ccc(C(F)(F)F)cc1Cl)C(=O)OC(C#N)c1cccc(Oc2ccccc2)c1,O=C(CNc1ccccc1)OCc1cccc(Oc2ccccc2)c1,test,-8.003,1
CC(C)C(O)C(C)C,,train,-1.22,1
CC(C)C1(C(C)C)C(=O)NC(=O)NC1=O,O=C1CC(=O)NC(=O)N1,train,-2.766,1
CC(C)CBr,,train,-2.43,1
CC(C)CC(C)(C)C,,train,-4.74,1
CC(C)CC(C)(C)O,,train,-0.92,1
CC(C)CC(C)C,,train,-4.26,1
CC(C)CC(C)O,,train,-0.8,1
CC(C)CCC(C)(C)C,,train,-5.05,1
CC(C)CCCCCOC(=O)c1ccccc1C(=O)OCCCCCC(C)C,c1ccccc1,train,-6.6370000000000005,1
CC(C)CCCO,,train,-1.14,1
CC(C)CCO,,train,-0.51,1
CC(C)CCOC=O,,train,-1.52,1
CC(C)CCl,,train,-2.0,1
CC(C)CNC(=O)N1CCNC1=O,O=C1NCCN1,test,-2.15,1
CC(C)CO,,train,0.1,1
CC(C)COC=O,,train,-1.01,1
CC(C)Cc1ccccc1,c1ccccc1,train,-4.12,1
CC(C)Cl,,train,-1.41,1
CC(C)I,,train,-2.09,1
CC(C)N(C(=O)CCl)c1ccccc1,c1ccccc1,train,-2.48,1
CC(C)N(C(=O)SCC(Cl)=C(Cl)Cl)C(C)C,,train,-4.88,1
CC(C)N(C(=O)SCC(Cl)=CCl)C(C)C,,train,-4.2860000000000005,1
CC(C)NC(=O)N1CC(=O)N(c2cc(Cl)cc(Cl)c2)C1=O,O=C1CNC(=O)N1c1ccccc1,test,-4.376,1
CC(C)Nc1nc(Cl)nc(NC(C)C)n1,c1ncncn1,train,-4.43,1
CC(C)O,,train,0.43,1
CC(C)OC(=O)C(O)(c1ccc(Br)cc1)c1ccc(Br)cc1,c1ccc(Cc2ccccc2)cc1,train,-4.93,1
CC(C)OC(=O)C(O)(c1ccc(Cl)cc1)c1cccc(Cl)c1,c1ccc(Cc2ccccc2)cc1,train,-4.53,1
CC(C)OC(=O)Nc1cccc(Cl)c1,c1ccccc1,train,-3.38,1
CC(C)OC(C)C,,train,-1.1,1
CC(C)OC=O,,train,-0.63,1
CC(C)OP(=S)(OC(C)C)SCCNS(=O)(=O)c1ccccc1,c1ccccc1,train,-4.2,1
CC(C)Oc1cc(-n2nc(C(C)(C)C)oc2=O)c(Cl)cc1Cl,O=c1ocnn1-c1ccccc1,test,-5.696000000000001,1
CC(C)SC(C)C,,train,-2.24,1
CC(C)[N+](=O)[O-],,train,-0.62,1
CC(C)c1ccc(NC(=O)N(C)C)cc1,c1ccccc1,train,-3.536,1
CC(C)c1ccccc1,c1ccccc1,train,-3.27,1
CC(Cl)(Cl)Cl,,train,-2.0,1
CC(Cl)CCl,,train,-1.6,1
CC(Cl)Cl,,train,-1.29,1
CC(N)=O,,train,1.58,1
CC(O)C(C)(C)C,,train,-0.62,1
CC(O)c1ccccc1,c1ccccc1,train,-0.92,1
CC1(C)C(=O)NC(=O)NC1=O,O=C1CC(=O)NC(=O)N1,train,-1.742,1
CC1(C)C(C(=O)OC(C#N)c2cccc(Oc3ccccc3)c2)C1(C)C,O=C(OCc1cccc(Oc2ccccc2)c1)C1CC1,train,-6.025,1
CC1(C)C(C=C(Br)Br)C1C(=O)OC(C#N)c1cccc(Oc2ccccc2)c1,O=C(OCc1cccc(Oc2ccccc2)c1)C1CC1,train,-8.402000000000001,1
CC1(C)C(C=C(Cl)C(F)(F)F)C1C(=O)OC(C#N)c1cccc(Oc2ccccc2)c1,O=C(OCc1cccc(Oc2ccccc2)c1)C1CC1,train,-8.176,1
CC1(C)C(C=C(Cl)Cl)C1C(=O)OC(C#N)c1ccc(F)c(Oc2ccccc2)c1,O=C(OCc1cccc(Oc2ccccc2)c1)C1CC1,train,-7.337000000000001,1
CC1(C)C(C=C(Cl)Cl)C1C(=O)OC(C#N)c1cccc(Oc2ccccc2)c1,O=C(OCc1cccc(Oc2ccccc2)c1)C1CC1,train,-8.017000000000001,1
CC1(C)C(C=C(Cl)Cl)C1C(=O)OCc1cccc(Oc2ccccc2)c1,O=C(OCc1cccc(Oc2ccccc2)c1)C1CC1,train,-6.291,1
CC1(C)C2CCC1(C)C(O)C2,C1CC2CCC1C2,test,-2.32,1
CC1(C)CON(Cc2ccccc2Cl)C1=O,O=C1CCON1Cc1ccccc1,test,-2.338,1
CC1(C)OC2CC3C4CCC5=CC(=O)C=CC5(C)C4(F)C(O)CC3(C)C2(C(=O)CO)O1,O=C1C=CC2C(=C1)CCC1C2CCC2C1CC1OCOC12,test,-4.31,1
CC12C=CC(=O)C=C1CCC1C2C(O)CC2(C)C1CCC2(O)C(=O)CO,O=C1C=CC2C(=C1)CCC1C3CCCC3CCC21,train,-3.18,1
CC12C=CC(=O)C=C1CCC1C3CC(O)C(O)(C(=O)CO)C3(C)CC(O)C12F,O=C1C=CC2C(=C1)CCC1C3CCCC3CCC21,train,-3.68,1
CC12CC(=O)C3C(CCC4=CC(=O)CCC43C)C1CCC2=O,O=C1C=C2CCC3C4CCC(=O)C4CC(=O)C3C2CC1,test,-3.48,1
CC12CC1(C)C(=O)N(c1cc(Cl)cc(Cl)c1)C2=O,O=C1C2CC2C(=O)N1c1ccccc1,test,-4.8,1
CC12CCC(=O)C=C1CCC1C2C(=O)CC2(C)C1CCC2(O)C(=O)CO,O=C1C=C2CCC3C4CCCC4CC(=O)C3C2CC1,train,-3.11,1
CC12CCC(=O)C=C1CCC1C2C(O)CC2(C)C(C(=O)CO)CCC12,O=C1C=C2CCC3C4CCCC4CCC3C2CC1,train,-3.24,1
CC12CCC(=O)C=C1CCC1C2C(O)CC2(C)C1CCC2(O)C(=O)CO,O=C1C=C2CCC3C4CCCC4CCC3C2CC1,train,-3.09,1
CC12CCC(=O)C=C1CCC1C2C(O)CC2(C=O)C(C(=O)CO)CCC12,O=C1C=C2CCC3C4CCCC4CCC3C2CC1,train,-3.85,1
CC12CCC(=O)C=C1CCC1C2CCC2(C)C(C(=O)CO)CCC12,O=C1C=C2CCC3C4CCCC4CCC3C2CC1,train,-3.45,1
CC12CCC(=O)C=C1CCC1C2CCC2(C)C(O)CCC12,O=C1C=C2CCC3C4CCCC4CCC3C2CC1,train,-4.02,1
CC12CCC(=O)C=C1CCC1C2CCC2(C)C1CCC2(C)O,O=C1C=C2CCC3C4CCCC4CCC3C2CC1,train,-3.9989999999999997,1
CC12CCC(=O)C=C1CCC1C3CCC(O)(C(=O)CO)C3(C)CC(O)C12F,O=C1C=C2CCC3C4CCCC4CCC3C2CC1,train,-3.43,1
CC12CCC(C1)C(C)(C)C2=O,O=C1CC2CCC1C2,train,-1.85,1
CC12CCC(CC1)C(C)(C)O2,C1CC2CCC1CO2,test,-1.69,2
CC12CCC(CC1=O)C2(C)C,O=C1CC2CCC1C2,train,-1.96,1
CC12CCC3C(=CCc4cc(O)ccc43)C1CCC2=O,O=C1CCC2C3=CCc4ccccc4C3CCC12,test,-5.282,1
CC12CCC3C(CC=C4CC(O)CCC43C)C1CCC2=O,O=C1CCC2C1CCC1C3CCCCC3=CCC21,test,-4.12,1
CC12CCC3C(CCC4=CC(=O)CCC43C)C1CCC2=O,O=C1C=C2CCC3C4CCC(=O)C4CCC3C2CC1,test,-3.69,1
CC12CCC3C(CCC4CC(=O)CCC43C)C1CCC2O,O=C1CCC2C(CCC3C4CCCC4CCC23)C1,test,-4.743,1
CC12CCC3C(CCC4CC(O)CCC43C)C1CCC2=O,O=C1CCC2C1CCC1C3CCCCC3CCC21,test,-4.281000000000001,2
CC12CCC3C(CCC4CC5SC5CC43C)C1CCC2O,C1CC2CCC3C4CC5SC5CC4CCC3C2C1,test,-5.41,1
CC12CCC3c4ccc(O)cc4CCC3C1CC(O)C2O,c1ccc2c(c1)CCC1C2CCC2CCCC21,train,-4.955,1
CC12CCC3c4ccc(O)cc4CCC3C1CCC2=O,O=C1CCC2C1CCC1c3ccccc3CCC12,test,-3.955,1
CC12CCC3c4ccc(O)cc4CCC3C1CCC2O,c1ccc2c(c1)CCC1C2CCC2CCCC21,train,-5.03,1
CC12CCc3c(ccc4cc(O)ccc34)C1CCC2=O,O=C1CCC2c3ccc4ccccc4c3CCC12,test,-5.24,1
CC1=C(C(=O)Nc2ccccc2)CCCO1,O=C(Nc1ccccc1)C1=COCCC1,test,-2.56,1
CC1=C(C(=O)Nc2ccccc2)S(=O)(=O)CCO1,O=C(Nc1ccccc1)C1=COCCS1(=O)=O,test,-2.281,1
CC1=C(C(=O)Nc2ccccc2)SCCO1,O=C(Nc1ccccc1)C1=COCCS1,test,-3.14,1
CC1=C2C3OC(=O)C(C)C3CCC2(C)C=CC1=O,O=C1C=CC2CCC3CC(=O)OC3C2=C1,test,-3.09,1
CC1=CC(=O)CC(C)(C)C1,O=C1C=CCCC1,train,-1.06,1
CC1=CC(=O)c2ccccc2C1=O,O=C1C=CC(=O)c2ccccc21,train,-3.03,1
CC1=CCCCC1,C1=CCCCC1,train,-3.27,1
CC1CC(C)C(=O)C(C(O)CC2CC(=O)NC(=O)C2)C1,O=C1CC(CCC2CCCCC2=O)CC(=O)N1,test,-1.13,1
CC1CC2C3CC(F)C4=CC(=O)C=CC4(C)C3(F)C(O)CC2(C)C1(O)C(=O)CO,O=C1C=CC2C(=C1)CCC1C3CCCC3CCC21,train,-5.6129999999999995,1
CC1CC2C3CCC4=CC(=O)C=CC4(C)C3(F)C(O)CC2(C)C1(O)C(=O)CO,O=C1C=CC2C(=C1)CCC1C3CCCC3CCC21,train,-3.59,1
CC1CCC(C(C)C)C(=O)C1,O=C1CCCCC1,train,-2.35,1
CC1CCC(C(C)C)C(O)C1,C1CCCCC1,train,-2.53,1
CC1CCC(C)CC1,C1CCCCC1,train,-4.47,1
CC1CCCC1,C1CCCC1,train,-3.3,1
CC1CCCCC1,C1CCCCC1,train,-3.85,1
CC1CCCCC1C,C1CCCCC1,train,-4.3,1
CC1CCCCC1NC(=O)Nc1ccccc1,O=C(Nc1ccccc1)NC1CCCCC1,test,-4.11,1
CC1CCCO1,C1CCOC1,train,0.11,1
CC1CO1,C1CO1,test,-0.59,1
CC1COC2CC3(C)C(CC4C5C=C6CC(O)CCC6(C)CC5CCC43C)OC2C1,C1=C2CCCCC2CC2CCC3C4CC5OCCCC5OC4CC3C12,test,-7.32,1
CC1Cc2ccccc2N1NC(=O)c1ccc(Cl)c(S(N)(=O)=O)c1,O=C(NN1CCc2ccccc21)c1ccccc1,test,-3.5860000000000003,1
CC1OC(OC2C(O)CC(OC3C(O)CC(OC4CCC5(C)C(CCC6C5CC(O)C5(C)C(C7=CC(=O)OC7)CCC65O)C4)OC3C)OC2C)CC(O)C1O,O=C1C=C(C2CCC3C2CCC2C4CCC(OC5CCC(OC6CCC(OC7CCCCO7)CO6)CO5)CC4CCC23)CO1,train,-4.081,1
CC1OC(OC2C(O)CC(OC3C(O)CC(OC4CCC5(C)C(CCC6C5CCC5(C)C(C7=CC(=O)OC7)CCC65O)C4)OC3C)OC2C)CC(O)C1O,O=C1C=C(C2CCC3C2CCC2C4CCC(OC5CCC(OC6CCC(OC7CCCCO7)CO6)CO5)CC4CCC23)CO1,train,-5.292999999999999,1
CC=C(C(=CC)c1ccc(O)cc1)c1ccc(O)cc1,C=C(C(=C)c1ccccc1)c1ccccc1,test,-4.95,1
CC=C(C)C,,train,-2.56,1
CC=CC=O,,train,0.32,1
CC=Cc1ccc(OC)cc1,c1ccccc1,train,-3.13,1
CCBr,,train,-1.09,1
CCC,,train,-1.94,1
CCC#CCC,,train,-1.99,1
CCC#N,,train,0.28,1
CCC(=C(CC)c1ccc(O)cc1)c1ccc(O)cc1,C(=Cc1ccccc1)c1ccccc1,train,-4.07,1
CCC(=O)CC,,train,-0.28,1
CCC(=O)Nc1ccc(Cl)c(Cl)c1,c1ccccc1,train,-3.0,1
CCC(=O)OC,,train,-0.14,1
CCC(=O)OC1CCC2C3CCC4=CC(=O)CCC4(C)C3CCC12C,O=C1C=C2CCC3C4CCCC4CCC3C2CC1,train,-5.37,1
CCC(=O)OCN1C(=O)NC(c2ccccc2)(c2ccccc2)C1=O,O=C1NC(=O)C(c2ccccc2)(c2ccccc2)N1,train,-4.907,1
CCC(Br)(CC)C(=O)NC(N)=O,,train,-2.68,1
CCC(C)(C)C,,train,-3.55,1
CCC(C)(C)CC,,train,-4.23,1
CCC(C)(C)CO,,train,-1.04,1
CCC(C)(C)Cl,,train,-2.51,1
CCC(C)(C)O,,train,0.15,1
CCC(C)(O)CC,,train,-0.36,1
CCC(C)=O,,train,0.52,1
CCC(C)C,,train,-3.18,1
CCC(C)C(=O)OC1CC(C)C=C2C=CC(C)C(CCC3CC(O)CC(=O)O3)C21,O=C1CCCC(CCC2CC=CC3=CCCCC32)O1,test,-6.005,1
CCC(C)C(C)=O,,train,-0.67,1
CCC(C)C(C)C,,train,-4.28,1
CCC(C)C1(CC)C(=O)NC(=O)NC1=O,O=C1CC(=O)NC(=O)N1,train,-2.39,1
CCC(C)CC,,train,-3.68,1
CCC(C)CCO,,train,-0.71,1
CCC(C)CO,,train,-0.47,1
CCC(C)Cl,,train,-1.96,1
CCC(C)O,,train,0.47,1
CCC(C)c1cc([N+](=O)[O-])cc([N+](=O)[O-])c1O,c1ccccc1,train,-3.38,1
CCC(C)n1c(=O)[nH]c(C)c(Br)c1=O,O=c1cc[nH]c(=O)[nH]1,train,-2.523,1
CCC(C=O)CC,,train,-1.52,1
CCC(CC)CO,,train,-1.17,1
CCC(O)(CC)CC,,train,-0.85,1
CCC(O)C(C)C,,train,-0.7,1
CCC(O)CC,,train,-0.24,1
CCC(c1ccc(O)cc1)C(CC)c1ccc(O)cc1,c1ccc(CCc2ccccc2)cc1,train,-4.43,1
CCC1(C(C)C)C(=O)NC(=O)NC1=O,O=C1CC(=O)NC(=O)N1,train,-2.1790000000000003,2
CCC1(C)C(=O)NC(=O)NC1=O,O=C1CC(=O)NC(=O)N1,train,-1.228,1
CCC1(C2=CCC3CCC2C3)C(=O)NC(=O)NC1=O,O=C1NC(=O)C(C2=CCC3CCC2C3)C(=O)N1,test,-2.696,1
CCC1(C2=CCCCC2)C(=O)NC(=O)NC1=O,O=C1NC(=O)C(C2=CCCCC2)C(=O)N1,test,-2.17,1
CCC1(CC)C(=O)NC(=O)N(C)C1=O,O=C1CC(=O)NC(=O)N1,train,-2.23,1
CCC1(CC)C(=O)NC(=O)NC1=O,O=C1CC(=O)NC(=O)N1,train,-2.4,1
CCC1(CC=C(C)C)C(=O)NC(=O)NC1=O,O=C1CC(=O)NC(=O)N1,train,-2.253,1
CCC1(CCC(C)C)C(=O)NC(=O)NC1=O,O=C1CC(=O)NC(=O)N1,train,-2.5629999999999997,2
CCC1(c2ccccc2)C(=O)NC(=O)NC1=O,O=C1NC(=O)C(c2ccccc2)C(=O)N1,train,-2.322,2
CCC1(c2ccccc2)C(=O)NCNC1=O,O=C1NCNC(=O)C1c1ccccc1,test,-2.64,1
CCC1(c2ccccc2)CCC(=O)NC1=O,O=C1CCC(c2ccccc2)C(=O)N1,test,-2.3369999999999997,1
CCC1CCCCC1,C1CCCCC1,train,-4.25,1
CCC1NC(=O)c2cc(S(N)(=O)=O)c(Cl)cc2N1,O=C1NCNc2ccccc21,test,-3.29,1
CCC=O,,train,0.58,1
CCCBr,,train,-1.73,1
CCCC,,train,-2.57,1
CCCC(=O)CC,,train,-0.83,1
CCCC(=O)CCC,,train,-1.3,1
CCCC(=O)OC,,train,-1.92,1
CCCC(=O)OCC,,train,-1.36,1
CCCC(=O)OCN1C(=O)NC(c2ccccc2)(c2ccccc2)C1=O,O=C1NC(=O)C(c2ccccc2)(c2ccccc2)N1,train,-5.071000000000001,1
CCCC(C)(C)C,,train,-4.36,1
CCCC(C)(C)CO,,train,-1.52,1
CCCC(C)(C)O,,train,-0.49,1
CCCC(C)(COC(N)=O)COC(N)=O,,train,-1.807,1
CCCC(C)(O)CC,,train,-0.98,1
CCCC(C)=O,,train,-0.19,1
CCCC(C)C,,train,-3.74,1
CCCC(C)C1(CC)C(=O)NC(=O)NC1=O,O=C1CC(=O)NC(=O)N1,train,-2.39,1
CCCC(C)C1(CC)C(=O)NC(=S)NC1=O,O=C1CC(=O)NC(=S)N1,train,-3.36,1
CCCC(C)CO,,train,-1.11,1
CCCC(C)O,,train,-0.29,1
CCCC(O)CC,,train,-0.8,1
CCCC(O)CCC,,train,-1.4,1
CCCC1C(=O)N2C(N(C)C)=Nc3ccc(C)cc3N2C1=O,O=C1CC(=O)N2c3ccccc3N=CN12,test,-3.5380000000000003,1
CCCC1CCCC1,C1CCCC1,train,-4.74,1
CCCC1COC(Cn2cncn2)(c2ccc(Cl)cc2Cl)O1,c1ccc(C2(Cn3cncn3)OCCO2)cc1,test,-3.4930000000000003,1
CCCC=C(C=O)CC,,train,-2.46,1
CCCC=O,,train,-0.01,1
CCCCBr,,train,-2.37,1
CCCCC,,train,-3.18,1
CCCCC(=O)CCCC,,train,-2.58,1
CCCCC(=O)OC,,train,-1.34,1
CCCCC(=O)OC1(C(=O)CO)C(C)CC2C3CCC4=CC(=O)C=CC4(C)C3(F)C(O)CC21C,O=C1C=CC2C(=C1)CCC1C3CCCC3CCC21,train,-4.71,1
CCCCC(=O)OCC,,train,-2.25,1
CCCCC(=O)OCN1C(=O)NC(c2ccccc2)(c2ccccc2)C1=O,O=C1NC(=O)C(c2ccccc2)(c2ccccc2)N1,train,-4.678,1
CCCCC(C)(C)O,,train,-1.08,1
CCCCC(C)(O)CC,,train,-1.6,1
CCCCC(C)=O,,train,-0.8,1
CCCCC(C)CC,,train,-5.16,1
CCCCC(C)O,,train,-0.89,1
CCCCC(C=O)CC,,train,-2.13,1
CCCCC(CC)CO,,train,-2.11,1
CCCCC(CC)COC(=O)c1ccccc1C(=O)OCC(CC)CCCC,c1ccccc1,train,-6.96,1
CCCCC(O)CC,,train,-1.47,1
CCCCC1(CC)C(=O)NC(=O)NC1=O,O=C1CC(=O)NC(=O)N1,train,-1.661,1
CCCCC1C(=O)N(c2ccccc2)N(c2ccc(O)cc2)C1=O,O=C1CC(=O)N(c2ccccc2)N1c1ccccc1,train,-3.73,1
CCCCC1C(=O)N(c2ccccc2)N(c2ccccc2)C1=O,O=C1CC(=O)N(c2ccccc2)N1c1ccccc1,train,-3.81,1
CCCCC=O,,train,-0.85,1
CCCCCBr,,train,-3.08,1
CCCCCC,,train,-3.84,1
CCCCCC(=O)OC,,train,-1.87,1
CCCCCC(=O)OCC,,train,-2.35,1
CCCCCC(=O)OCN1C(=O)NC(c2ccccc2)(c2ccccc2)C1=O,O=C1NC(=O)C(c2ccccc2)(c2ccccc2)N1,train,-5.886,1
CCCCCC(C)(C)O,,train,-1.72,1
CCCCCC(C)=O,,train,-1.45,1
CCCCCC(C)C,,train,-5.08,1
CCCCCC(C)O,,train,-1.55,1
CCCCCC(O)CC,,train,-1.98,1
CCCCCC1CCCC1,C1CCCC1,train,-6.08,1
CCCCCC=O,,train,-1.3,1
CCCCCCBr,,train,-3.81,1
CCCCCCC,,train,-4.53,1
CCCCCCC(=O)OCC,,train,-2.74,1
CCCCCCC(=O)OCN1C(=O)NC(c2ccccc2)(c2ccccc2)C1=O,O=C1NC(=O)C(c2ccccc2)(c2ccccc2)N1,train,-6.301,1
CCCCCCC(C)=O,,train,-2.05,1
CCCCCCC(C)O,,train,-2.09,1
CCCCCCCBr,,train,-4.43,1
CCCCCCCC,,train,-5.24,1
CCCCCCCC(=O)OC,,train,-3.17,1
CCCCCCCC(=O)OCC,,train,-3.39,1
CCCCCCCC(=O)OCN1C(=O)NC(c2ccccc2)(c2ccccc2)C1=O,O=C1NC(=O)C(c2ccccc2)(c2ccccc2)N1,train,-6.523,1
CCCCCCCC(C)=O,,train,-2.58,1
CCCCCCCC(C)O,,train,-2.74,1
CCCCCCCCBr,,train,-5.06,1
CCCCCCCCC,,train,-5.88,1
CCCCCCCCC(=O)OC,,train,-3.38,1
CCCCCCCCC(=O)OCC,,train,-3.8,1
CCCCCCCCC(C)=O,,train,-3.3,1
CCCCCCCCCC(=O)OC,,train,-4.69,1
CCCCCCCCCC(=O)OCC,,train,-4.1,1
CCCCCCCCCC(C)O,,train,-2.94,1
CCCCCCCCCCCC(=O)OC,,train,-4.69,1
CCCCCCCCCCCCCC,,train,-7.96,1
CCCCCCCCCCCCCCCC,,train,-8.4,1
CCCCCCCCCCCCCCCCCCCC,,train,-8.172,1
CCCCCCCCCCCCCCCCCCCCCCCCCC,,train,-8.334,1
CCCCCCCCCCCCCCCCCCO,,train,-8.4,1
CCCCCCCCCCCCCCCCO,,train,-7.0,1
CCCCCCCCCCCCCCCO,,train,-6.35,1
CCCCCCCCCCCCCCO,,train,-5.84,1
CCCCCCCCCCCCO,,train,-4.8,1
CCCCCCCCCCO,,train,-3.63,1
CCCCCCCCCO,,train,-3.01,1
CCCCCCCCO,,train,-2.39,1
CCCCCCCCOC(=O)c1ccccc1C(=O)OCCCCCCCC,c1ccccc1,train,-5.115,1
CCCCCCCCl,,train,-4.0,1
CCCCCCCI,,train,-4.81,1
CCCCCCCO,,train,-1.81,1
CCCCCCCl,,train,-3.12,1
CCCCCCO,,train,-1.24,1
CCCCCCOC(=O)c1ccccc1C(=O)OCCCCCC,c1ccccc1,train,-6.144,1
CCCCCCc1ccc(O)cc1O,c1ccccc1,train,-2.59,1
CCCCCCc1ccccc1,c1ccccc1,train,-5.21,1
CCCCCCl,,train,-2.73,1
CCCCCO,,train,-0.6,1
CCCCCOC(=O)CC,,train,-1.28,1
CCCCCOC(C)=O,,train,-1.89,1
CCCCCc1ccccc1,c1ccccc1,train,-4.64,1
CCCCCl,,train,-2.03,1
CCCCI,,train,-2.96,1
CCCCN(C)C(=O)Nc1ccc(Cl)c(Cl)c1,c1ccccc1,train,-4.77,1
CCCCN(CC)C(=O)SCCC,,train,-3.53,1
CCCCN(CC)c1c([N+](=O)[O-])cc(C(F)(F)F)cc1[N+](=O)[O-],c1ccccc1,train,-5.53,1
CCCCNC(=O)n1c(NC(=O)OC)nc2ccccc21,c1ccc2[nH]cnc2c1,test,-4.883,1
CCCCO,,train,0.0,1
CCCCOC,,train,-0.99,1
CCCCOC(=O)CCCCCCCCC(=O)OCCCC,,train,-3.8960000000000004,1
CCCCOC(=O)c1ccc(N)cc1,c1ccccc1,train,-3.082,1
CCCCOC(=O)c1ccccc1C(=O)OCCCC,c1ccccc1,train,-4.4,1
CCCCOC=O,,train,-1.37,1
CCCCOCCCC,,train,-1.85,1
CCCCOCCO,,train,-0.42,1
CCCCOCN(C(=O)CCl)c1c(CC)cccc1CC,c1ccccc1,train,-4.19,1
CCCCOc1ccc(C(=O)OCC)c(N(CC)CC)c1,c1ccccc1,train,-3.84,1
CCCCS,,train,-2.18,1
CCCCSP(=O)(SCCCC)SCCCC,,train,-5.14,1
CCCCc1c(C)nc(N(C)C)nc1O,c1cncnc1,train,-2.24,1
CCCCc1c(C)nc(NCC)[nH]c1=O,O=c1ccnc[nH]1,test,-3.028,1
CCCCc1c(C)nc(NCC)nc1OS(=O)(=O)N(C)C,c1cncnc1,train,-4.16,1
CCCCc1ccccc1,c1ccccc1,train,-4.06,1
CCCCl,,train,-1.47,1
CCCI,,train,-2.29,1
CCCN(CCC)c1c([N+](=O)[O-])cc(C(C)C)cc1[N+](=O)[O-],c1ccccc1,train,-6.49,1
CCCN(CCC)c1c([N+](=O)[O-])cc(C(F)(F)F)cc1[N+](=O)[O-],c1ccccc1,train,-5.68,1
CCCN(CCC)c1c([N+](=O)[O-])cc(S(N)(=O)=O)cc1[N+](=O)[O-],c1ccccc1,train,-5.16,1
CCCO,,train,0.62,1
CCCOC,,train,-0.39,1
CCCOC(=O)CC,,train,-0.82,1
CCCOC(=O)CCC,,train,-1.75,1
CCCOC(=O)c1ccc(N)cc1,c1ccccc1,train,-2.452,1
CCCOC(C)=O,,train,-0.72,1
CCCOC(C)C,,train,-1.34,1
CCCOC=O,,train,-0.49,1
CCCOCC,,train,-0.66,1
CCCOCCC,,train,-1.62,1
CCCOP(=S)(OCCC)SCC(=O)N1CCCCC1C,C1CCNCC1,test,-4.15,1
CCCSCCC,,train,-2.58,1
CCC[N+](=O)[O-],,train,-0.8,1
CCCc1ccccc1,c1ccccc1,train,-3.37,1
CCCl,,train,-1.06,1
CCI,,train,-1.6,1
CCN(CC)C(=O)C(C)Oc1cccc2ccccc12,c1ccc2ccccc2c1,train,-3.57,1
CCN(CC)C(=O)C(Cl)=CCOP(=O)(OC)OC,,train,0.523,1
CCN(CC)C(=O)CSc1ccc(Cl)nn1,c1ccnnc1,test,-1.716,1
CCN(CC)C(=S)SSC(=S)N(CC)CC,,train,-4.86,1
CCN(CC)c1c([N+](=O)[O-])cc(C(F)(F)F)c(N)c1[N+](=O)[O-],c1ccccc1,train,-5.47,1
CCN(CC)c1ccccc1,c1ccccc1,train,-3.03,1
CCN(CC)c1nc(Cl)nc(N(CC)CC)n1,c1ncncn1,train,-4.4110000000000005,1
CCN(CC)c1nc(Cl)nc(NC(C)C)n1,c1ncncn1,train,-3.785,1
CCN(Cc1c(F)cccc1Cl)c1c([N+](=O)[O-])cc(C(F)(F)F)cc1[N+](=O)[O-],c1ccc(CNc2ccccc2)cc1,test,-6.78,1
CCN1C(=O)c2ccccc2Oc2ccccc21,O=C1Nc2ccccc2Oc2ccccc21,train,-3.68,1
CCN1C(=O)c2cccnc2N(CC)c2ncccc21,O=C1Nc2cccnc2Nc2ncccc21,train,-2.86,1
CCN1c2cc(Cl)ccc2NC(=O)c2cccnc21,O=C1Nc2ccccc2Nc2ncccc21,train,-5.36,1
CCN1c2cc(N(C)C)cc(C)c2NC(=O)c2cccnc21,O=C1Nc2ccccc2Nc2ncccc21,train,-4.871,1
CCN1c2cc(OC)cc(C)c2NC(=O)c2cccnc21,O=C1Nc2ccccc2Nc2ncccc21,train,-5.153,1
CCN1c2ccccc2C(=O)N(C)c2ccccc21,O=C1Nc2ccccc2Nc2ccccc21,test,-4.749,1
CCN1c2ccccc2N(C)C(=O)c2cccnc21,O=C1Nc2ccccc2Nc2ncccc21,train,-3.324,1
CCN1c2ccccc2N(C)C(=S)c2cccnc21,S=C1Nc2ccccc2Nc2ncccc21,test,-4.706,1
CCN1c2nc(N(C)CCO)ccc2NC(=O)c2cccnc21,O=C1Nc2cccnc2Nc2ncccc21,train,-3.36,1
CCN1c2ncccc2C(=O)N(C)c2ccc(Cl)nc21,O=C1Nc2cccnc2Nc2ncccc21,train,-4.114,1
CCN1c2ncccc2C(=O)N(C)c2cccnc21,O=C1Nc2cccnc2Nc2ncccc21,train,-2.62,1
CCN1c2ncccc2C(=O)Nc2c(C(F)(F)F)cc(C)nc21,O=C1Nc2cccnc2Nc2ncccc21,train,-4.207,1
CCN1c2ncccc2C(=O)Nc2c(C)cc(C)nc21,O=C1Nc2cccnc2Nc2ncccc21,train,-4.553999999999999,1
CCN1c2ncccc2C(=S)N(C)c2cccnc21,S=C1Nc2cccnc2Nc2ncccc21,test,-4.6339999999999995,1
CCNC(=O)C(C)OC(=O)Nc1ccccc1,c1ccccc1,train,-1.83,1
CCNC(=S)NCC,,train,-1.46,1
CCNP(=S)(OC)OC(C)=CC(=O)OC(C)C,,train,-3.408,1
CCNc1ccccc1,c1ccccc1,train,-1.7,1
CCNc1nc(Cl)nc(N(CC)CC)n1,c1ncncn1,train,-4.06,1
CCNc1nc(Cl)nc(NC(C)(C)C#N)n1,c1ncncn1,train,-3.15,1
CCNc1nc(Cl)nc(NC(C)C)n1,c1ncncn1,train,-3.85,1
CCNc1nc(Cl)nc(NCC)n1,c1ncncn1,train,-4.55,1
CCNc1nc(NC(C)(C)C)nc(OC)n1,c1ncncn1,train,-3.239,1
CCNc1nc(NC(C)(C)C)nc(SC)n1,c1ncncn1,train,-4.0,1
CCNc1nc(NC(C)C)nc(OC)n1,c1ncncn1,train,-2.084,1
CCNc1nc(NC(C)C)nc(SC)n1,c1ncncn1,train,-3.04,1
CCO,,train,1.1,1
CCOC(=O)C=Cc1ccccc1,c1ccccc1,train,-3.0,1
CCOC(=O)CC,,train,-0.66,1
CCOC(=O)CC(=O)OCC,,train,-0.82,1
CCOC(=O)CC(SP(=S)(OC)OC)C(=O)OCC,,train,-3.37,1
CCOC(=O)CCN(SN(C)C(=O)Oc1cccc2c1OC(C)(C)C2)C(C)C,c1ccc2c(c1)CCO2,train,-4.71,1
CCOC(=O)N(C)C(=O)CSP(=S)(OCC)OCC,,train,-2.5180000000000002,1
CCOC(=O)NCCOc1ccc(Oc2ccccc2)cc1,c1ccc(Oc2ccccc2)cc1,train,-4.7,1
CCOC(=O)Nc1cccc(OC(=O)Nc2ccccc2)c1,O=C(Nc1ccccc1)Oc1ccccc1,train,-4.632,1
CCOC(=O)c1ccc(N)cc1,c1ccccc1,train,-2.616,1
CCOC(=O)c1ccc(O)cc1,c1ccccc1,train,-2.35,1
CCOC(=O)c1ccccc1,c1ccccc1,train,-2.32,1
CCOC(=O)c1ccccc1C(=O)OCC,c1ccccc1,train,-2.35,1
CCOC(=O)c1ccccc1S(=O)(=O)NN(C=O)c1nc(Cl)cc(OC)n1,O=S(=O)(NNc1ncccn1)c1ccccc1,test,-4.5760000000000005,1
CCOC(=O)c1cncn1C(C)c1ccccc1,c1ccc(Cn2ccnc2)cc1,test,-4.735,1
CCOC(C)=O,,train,-0.04,1
CCOC(C)OCC,,train,-0.43,1
CCOC(N)=O,,train,0.85,1
CCOC1Oc2ccc(OS(C)(=O)=O)cc2C1(C)C,c1ccc2c(c1)CCO2,train,-3.42,1
CCOC=O,,train,0.15,1
CCOCC,,train,-0.09,1
CCOCCOCC,,train,-0.77,1
CCOP(=O)(OCC)OCC,,train,0.43,1
CCOP(=S)(CC)Oc1cc(Cl)c(Cl)cc1Cl,c1ccccc1,train,-5.752000000000001,1
CCOP(=S)(NC(C)C)Oc1ccccc1C(=O)OC(C)C,c1ccccc1,train,-4.194,1
CCOP(=S)(OCC)N1C(=O)c2ccccc2C1=O,O=C1NC(=O)c2ccccc21,train,-3.35,1
CCOP(=S)(OCC)ON=C(C#N)c1ccccc1,c1ccccc1,train,-4.862,1
CCOP(=S)(OCC)Oc1cc(C)nc(C(C)C)n1,c1cncnc1,train,-3.64,1
CCOP(=S)(OCC)Oc1ccc(S(C)=O)cc1,c1ccccc1,train,-2.3,1
CCOP(=S)(OCC)Oc1ccc([N+](=O)[O-])cc1,c1ccccc1,train,-4.66,1
CCOP(=S)(OCC)Oc1ccc2oc(=O)c(Cl)c(C)c2c1,O=c1ccc2ccccc2o1,test,-5.382000000000001,1
CCOP(=S)(OCC)Oc1nc(Cl)c(Cl)cc1Cl,c1ccncc1,train,-5.67,1
CCOP(=S)(OCC)Oc1nc(Cl)n(C(C)C)n1,c1nc[nH]n1,test,-3.658,1
CCOP(=S)(OCC)SC(CCl)N1C(=O)c2ccccc2C1=O,O=C1NC(=O)c2ccccc21,train,-6.34,2
CCOP(=S)(OCC)SCCSCC,,train,-4.23,1
CCOP(=S)(OCC)SCSC(C)(C)C,,train,-4.755,1
CCOP(=S)(OCC)SCSCC,,train,-4.11,1
CCOP(=S)(OCC)SCSP(=S)(OCC)OCC,,train,-5.54,1
CCOP(=S)(OCC)SCSc1ccc(Cl)cc1,c1ccccc1,train,-5.736000000000001,1
CCOP(=S)(OCC)SCn1c(=O)oc2cc(Cl)ccc21,O=c1[nH]c2ccccc2o1,test,-5.233,1
CCOc1ccc(C(C)(C)COCc2cccc(Oc3ccccc3)c2)cc1,c1ccc(CCOCc2cccc(Oc3ccccc3)c2)cc1,test,-8.6,1
CCOc1ccc(NC(C)=O)cc1,c1ccccc1,train,-2.35,1
CCOc1ccc(NC(N)=O)cc1,c1ccccc1,train,-2.17,1
CCOc1ccc2nc(S(N)(=O)=O)sc2c1,c1ccc2scnc2c1,train,-3.81,1
CCOc1ccccc1,c1ccccc1,train,-2.33,1
CCS,,train,-0.6,1
CCSC(=O)N(CC(C)C)CC(C)C,,train,-3.68,1
CCSC(=O)N(CC)C1CCCCC1,C1CCCCC1,train,-3.4,1
CCSCC,,train,-1.34,1
CCSCCSP(=S)(OC)OC,,train,-3.091,1
CCSCc1ccccc1OC(=O)NC,c1ccccc1,train,-2.09,1
CCSSCC,,train,-2.42,1
CC[N+](=O)[O-],,train,-0.22,1
CCc1ccc(C)cc1,c1ccccc1,train,-3.11,1
CCc1ccc(CC)cc1,c1ccccc1,train,-3.75,1
CCc1ccc2ccccc2c1,c1ccc2ccccc2c1,train,-4.29,1
CCc1cccc(C)c1N(C(=O)CCl)C(C)COC,c1ccccc1,train,-2.73,1
CCc1cccc(CC)c1N(COC)C(=O)CCl,c1ccccc1,train,-3.26,1
CCc1cccc2ccccc12,c1ccc2ccccc2c1,train,-4.17,1
CCc1ccccc1,c1ccccc1,train,-2.77,1
CCc1ccccc1C,c1ccccc1,train,-3.21,1
CCc1ccccc1CC,c1ccccc1,train,-3.28,1
CCc1ccccn1,c1ccncc1,train,0.51,1
CI,,train,-1.0,1
CN(C(=O)COc1nc2ccccc2s1)c1ccccc1,O=C(COc1nc2ccccc2s1)Nc1ccccc1,test,-4.873,1
CN(C(=O)NC(C)(C)c1ccccc1)c1ccccc1,O=C(NCc1ccccc1)Nc1ccccc1,test,-3.35,1
CN(C)C(=O)C(c1ccccc1)c1ccccc1,c1ccc(Cc2ccccc2)cc1,train,-2.98,1
CN(C)C(=O)N(C)C,,train,0.94,1
CN(C)C(=O)NC1CC2CC1C1CCCC21,C1CC2C3CCC(C3)C2C1,test,-3.1710000000000003,1
CN(C)C(=O)NC1CCCCCCC1,C1CCCCCCC1,train,-2.218,1
CN(C)C(=O)Nc1ccc(-n2nc(C(C)(C)C)oc2=O)c(Cl)c1,O=c1ocnn1-c1ccccc1,test,-4.328,1
CN(C)C(=O)Nc1ccc(Cl)c(Cl)c1,c1ccccc1,train,-3.8,1
CN(C)C(=O)Nc1ccc(Cl)cc1,c1ccccc1,train,-2.89,1
CN(C)C(=O)Nc1ccc(Oc2ccc(Cl)cc2)cc1,c1ccc(Oc2ccccc2)cc1,train,-4.89,1
CN(C)C(=O)Nc1cccc(C(F)(F)F)c1,c1ccccc1,train,-3.43,1
CN(C)C(=O)Nc1cccc(OC(=O)NC(C)(C)C)c1,c1ccccc1,train,-2.93,1
CN(C)C(=O)Nc1ccccc1,c1ccccc1,train,-1.6,1
CN(C)C(=O)OC1=CC(=O)CC(C)(C)C1,O=C1C=CCCC1,train,-0.85,1
CN(C)C(=O)SCCCCOc1ccccc1,c1ccccc1,train,-3.927,1
CN(C)C(=S)SSC(=S)N(C)C,,train,-3.9,1
CN(C)c1ccccc1,c1ccccc1,train,-1.92,1
CN(C)c1nc(N(C)C)nc(N(C)C)n1,c1ncncn1,train,-3.364,1
CN1C(=O)CN=C(c2ccccc2)c2cc(Cl)ccc21,O=C1CN=C(c2ccccc2)c2ccccc2N1,train,-3.7539999999999996,1
CN1C(=O)CN=C(c2ccccc2)c2cc([N+](=O)[O-])ccc21,O=C1CN=C(c2ccccc2)c2ccccc2N1,train,-3.7960000000000003,1
CN1C(=O)c2cccnc2Oc2ccccc21,O=C1Nc2ccccc2Oc2ncccc21,train,-3.6719999999999997,1
CN1C(C(=O)Nc2ccccn2)=C(O)c2ccccc2S1(=O)=O,O=C(Nc1ccccn1)C1=Cc2ccccc2S(=O)(=O)N1,test,-4.16,1
CN1CC(O)N(c2nnc(C(C)(C)C)s2)C1=O,O=C1NCCN1c1nncs1,test,-1.8769999999999998,1
CNC(=O)C(C)SCCSP(=O)(OC)OC,,train,1.1440000000000001,1
CNC(=O)C=C(C)OP(=O)(OC)OC,,train,0.6509999999999999,1
CNC(=O)ON=C(CSC)C(C)(C)C,,train,-1.62,1
CNC(=O)ON=C(SC)C(=O)N(C)C,,train,0.106,1
CNC(=O)Oc1cc(C(C)(C)C)cc(C(C)(C)C)c1,c1ccccc1,train,-4.24,1
CNC(=O)Oc1cc(C)cc(C)c1,c1ccccc1,train,-2.5810000000000004,1
CNC(=O)Oc1ccc(N(C)C)c(C)c1,c1ccccc1,train,-2.36,1
CNC(=O)Oc1cccc(N=CN(C)C)c1,c1ccccc1,train,-2.34,1
CNC(=O)Oc1cccc2c1OC(C)(C)C2,c1ccc2c(c1)CCO2,train,-2.8,1
CNC(=O)Oc1cccc2ccccc12,c1ccc2ccccc2c1,train,-3.2239999999999998,1
CNC(=O)Oc1ccccc1,c1ccccc1,train,-1.8030000000000002,1
CNC(=O)Oc1ccccc1C(C)C,c1ccccc1,train,-2.863,1
CNC(=O)Oc1ccccc1C1OCCO1,c1ccc(C2OCCO2)cc1,test,-1.57,1
CNC(=O)Oc1ccccc1OC(C)C,c1ccccc1,train,-2.05,1
CNN,,train,1.34,1
CNc1ccccc1,c1ccccc1,train,-1.28,1
CNc1cnn(-c2cccc(C(F)(F)F)c2)c(=O)c1Cl,O=c1cccnn1-c1ccccc1,train,-4.046,1
CO,,train,1.57,1
COC(=O)C1=C(C)NC(C)=C(C(=O)OC)C1c1ccccc1[N+](=O)[O-],C1=CC(c2ccccc2)C=CN1,test,-4.76,1
COC(=O)Nc1cccc(OC(=O)Nc2cccc(C)c2)c1,O=C(Nc1ccccc1)Oc1ccccc1,train,-4.805,1
COC(=O)Nc1nc2ccc(C(=O)c3ccccc3)cc2[nH]1,O=C(c1ccccc1)c1ccc2nc[nH]c2c1,test,-3.88,1
COC(=O)c1cc(O)c(O)c(O)c1,c1ccccc1,train,-1.24,1
COC(=O)c1ccc(O)cc1,c1ccccc1,train,-1.827,1
COC(=O)c1ccccc1,c1ccccc1,train,-1.85,1
COC(=O)c1ccccc1C(=O)OC,c1ccccc1,train,-1.66,1
COC(=O)c1ccccc1OC1OC(COC2OCC(O)C(O)C2O)C(O)C(O)C1O,c1ccc(OC2CCCC(COC3CCCCO3)O2)cc1,test,-0.742,1
COC(=O)c1cccnc1,c1ccncc1,train,-0.46,1
COC(C)(C)C,,train,-0.24,1
COC(C)(C)CCCC(C)CC=CC(C)=CC(=O)OC(C)C,,train,-5.19,1
COC(C)=O,,train,0.46,1
COC1=C(OC)C2C(=O)OCC2C=C1,O=C1OCC2C=CC=CC12,test,-1.899,1
COC1=CC(=O)CC(C)C12Oc1c(Cl)c(OC)cc(OC)c1C2=O,O=C1C=CC2(CC1)Oc1ccccc1C2=O,test,-3.2460000000000004,1
COC1=CC2OC3C=CC(O)=CC3C(=O)C2C(O)=C1,O=C1C2C=CC=CC2OC2C=CC=CC12,test,-2.943,1
COC=O,,train,0.58,1
COCC(=O)N(c1c(C)cccc1C)C(C)C(=O)OC,c1ccccc1,train,-1.601,1
COCCCNc1nc(NC(C)C)nc(SC)n1,c1ncncn1,train,-2.928,1
COCOC,,train,0.48,1
CON(C)C(=O)Nc1ccc(Br)c(Cl)c1,c1ccccc1,train,-3.924,1
CON(C)C(=O)Nc1ccc(Cl)c(Cl)c1,c1ccccc1,train,-3.592,1
CON(C)C(=O)Nc1ccc(Cl)cc1,c1ccccc1,train,-2.57,1
COP(=O)(NC(C)=O)SC,,train,0.54,1
COP(=O)(OC)C(O)C(Cl)(Cl)Cl,,train,-0.22,1
COP(=O)(OC)OC(=CCl)c1cc(Cl)c(Cl)cc1Cl,c1ccccc1,train,-4.522,1
COP(=O)(OC)OC(Br)C(Cl)(Cl)Br,,train,-2.28,1
COP(=S)(OC)Oc1cc(Cl)c(Br)cc1Cl,c1ccccc1,train,-6.09,1
COP(=S)(OC)Oc1cc(Cl)c(Cl)cc1Cl,c1ccccc1,train,-5.72,1
COP(=S)(OC)Oc1cc(Cl)c(I)cc1Cl,c1ccccc1,train,-6.62,1
COP(=S)(OC)Oc1ccc(SC)c(C)c1,c1ccccc1,train,-4.57,1
COP(=S)(OC)Oc1ccc(Sc2ccc(OP(=S)(OC)OC)cc2)cc1,c1ccc(Sc2ccccc2)cc1,test,-6.237,1
COP(=S)(OC)Oc1ccc([N+](=O)[O-])c(C)c1,c1ccccc1,train,-4.04,1
COP(=S)(OC)Oc1ccc([N+](=O)[O-])cc1Cl,c1ccccc1,train,-4.31,1
COP(=S)(OC)SCC(=O)N(C)C=O,,train,-1.995,1
COP(=S)(OC)SCC(=O)N(c1ccc(Cl)cc1)C(C)C,c1ccccc1,train,-4.4319999999999995,1
COc1c(O)c(Cl)c(Cl)c(Cl)c1Cl,c1ccccc1,train,-4.02,1
COc1c2occc2c(OC)c2c(=O)cc(C)oc12,O=c1ccoc2cc3occc3cc12,test,-3.0210000000000004,1
COc1c2occc2cc2ccc(=O)oc12,O=c1ccc2cc3ccoc3cc2o1,test,-3.6639999999999997,1
COc1cc(C2c3cc4c(cc3C(OC3OC5COC(C)OC5C(O)C3O)C3COC(=O)C23)OCO4)cc(OC)c1O,O=C1OCC2C(OC3CCC4OCOCC4O3)c3cc4c(cc3C(c3ccccc3)C12)OCO4,test,-3.571,1
COc1cc2c(N)nc(N3CCN(C(=O)OCC(C)(C)O)CC3)nc2c(OC)c1OC,c1ccc2nc(N3CCNCC3)ncc2c1,test,-3.638,1
COc1ccc(C(O)(c2cncnc2)C2CC2)cc1,c1ccc(C(c2cncnc2)C2CC2)cc1,test,-2.596,1
COc1ccc(C(c2ccc(OC)cc2)C(Cl)(Cl)Cl)cc1,c1ccc(Cc2ccccc2)cc1,train,-6.89,1
COc1ccc(C=O)cc1,c1ccccc1,train,-1.49,1
COc1ccc(Cl)cc1,c1ccccc1,train,-2.78,1
COc1ccc(NC(=O)N(C)C)cc1Cl,c1ccccc1,train,-2.5639999999999996,1
COc1ccc(Oc2ccc(NC(=O)N(C)C)cc2)cc1,c1ccc(Oc2ccccc2)cc1,train,-4.16,1
COc1ccc([N+](=O)[O-])cc1,c1ccccc1,train,-2.41,1
COc1ccc2ccc(=O)oc2c1CC=C(C)C,O=c1ccc2ccccc2o1,test,-4.314,1
COc1cccc(Cl)c1,c1ccccc1,train,-2.78,1
COc1ccccc1,c1ccccc1,train,-1.85,1
COc1ccccc1Cl,c1ccccc1,train,-2.46,1
COc1ccccc1O,c1ccccc1,train,-1.96,2
COc1ccccc1OCC(O)COC(N)=O,c1ccccc1,train,-0.985,1
COc1ccccc1[N+](=O)[O-],c1ccccc1,train,-1.96,1
COc1cnc2cncnc2n1,c1cnc2ncncc2n1,train,-0.91,1
COc1cnc2ncncc2n1,c1cnc2ncncc2n1,train,-1.139,1
COc1nc(NC(C)C)nc(NC(C)C)n1,c1ncncn1,train,-2.478,1
COc1ncc2nccnc2n1,c1cnc2ncncc2n1,train,-1.11,1
COc1ncnc2nccnc12,c1cnc2ncncc2n1,train,-1.11,1
CS(=O)(=O)c1ccc(C(O)C(CO)NC(=O)C(Cl)Cl)cc1,c1ccccc1,train,-2.154,1
CSC,,train,-0.45,1
CSCS(=O)CC(CO)NC(=O)C=Cc1c(C)[nH]c(=O)[nH]c1=O,O=c1cc[nH]c(=O)[nH]1,train,-1.9809999999999999,1
CSSC,,train,-1.44,1
CSc1ccccc1,c1ccccc1,train,-2.39,1
CSc1nc(N(C)C)nc(N(C)C)n1,c1ncncn1,train,-2.676,1
CSc1nc(NC(C)C)nc(NC(C)C)n1,c1ncncn1,train,-4.1,1
CSc1nnc(C(C)(C)C)c(=O)n1N,O=c1cnnc[nH]1,test,-2.253,1
C[N+](=O)[O-],,train,0.26,1
Cc1[nH]c(=O)n(C(C)(C)C)c(=O)c1Cl,O=c1cc[nH]c(=O)[nH]1,train,-2.484,1
Cc1c(C)c(C)c(C)c(C)c1C,c1ccccc1,train,-5.23,1
Cc1c(C)c2c3ccccc3ccc2c2ccccc12,c1ccc2c(c1)ccc1c3ccccc3ccc21,train,-7.01,1
Cc1c(F)c(F)c(COC(=O)C2C(C=C(Cl)C(F)(F)F)C2(C)C)c(F)c1F,O=C(OCc1ccccc1)C1CC1,test,-7.321000000000001,1
Cc1c(N(C)C)c(=O)n(-c2ccccc2)n1C,O=c1cc[nH]n1-c1ccccc1,train,-0.364,1
Cc1c(N)c(=O)n(-c2ccccc2)n1C,O=c1cc[nH]n1-c1ccccc1,train,-0.624,1
Cc1c([N+](=O)[O-])cc([N+](=O)[O-])cc1[N+](=O)[O-],c1ccccc1,train,-3.22,1
Cc1c([N+](=O)[O-])cccc1[N+](=O)[O-],c1ccccc1,train,-3.0,1
Cc1c2ccccc2c(C)c2c1ccc1ccccc12,c1ccc2cc3c(ccc4ccccc43)cc2c1,test,-7.02,1
Cc1c2ccccc2c(C)c2ccccc12,c1ccc2cc3ccccc3cc2c1,train,-6.57,1
Cc1c2ccccc2cc2ccccc12,c1ccc2cc3ccccc3cc2c1,train,-5.89,1
Cc1c[nH]c(=O)[nH]c1=O,O=c1cc[nH]c(=O)[nH]1,train,-1.506,1
Cc1c[nH]c(=O)nc1N,O=c1nccc[nH]1,train,-1.4580000000000002,1
Cc1c[nH]c2ccccc12,c1ccc2[nH]ccc2c1,test,-2.42,1
Cc1cc(=O)[nH]c(=S)[nH]1,O=c1cc[nH]c(=S)[nH]1,test,-2.436,1
Cc1cc(=O)n(-c2ccccc2)n1C,O=c1cc[nH]n1-c1ccccc1,train,0.715,1
Cc1cc(C(=O)NNCc2ccccc2)no1,O=C(NNCc1ccccc1)c1ccon1,test,-2.461,1
Cc1cc(C)c(C)c(C)c1C,c1ccccc1,train,-4.0,1
Cc1cc(C)c(C)cc1C,c1ccccc1,train,-4.59,1
Cc1cc(C)c(O)c(C)c1,c1ccccc1,train,-2.05,1
Cc1cc(C)c2ccccc2c1,c1ccc2ccccc2c1,train,-4.29,1
Cc1cc(C)cc(C)c1,c1ccccc1,train,-3.4,1
Cc1cc(C)cc(O)c1,c1ccccc1,train,-1.4,1
Cc1cc(Cl)ccc1N=CN(C)C,c1ccccc1,train,-2.86,1
Cc1cc(OC(=O)N(C)C)n(-c2ccccc2)n1,c1ccc(-n2cccn2)cc1,test,-2.09,1
Cc1cc(S(=O)(=O)c2ccccc2)ccc1NS(=O)(=O)C(F)(F)F,O=S(=O)(c1ccccc1)c1ccccc1,train,-3.8,1
Cc1cc([N+](=O)[O-])cc([N+](=O)[O-])c1O,c1ccccc1,train,-1.456,1
Cc1cc2c3ccccc3ccc2c2ccccc12,c1ccc2c(c1)ccc1c3ccccc3ccc21,train,-6.57,1
Cc1cc2ccccc2c2ccc3ccccc3c12,c1ccc2c(c1)ccc1c3ccccc3ccc21,train,-6.59,1
Cc1cc2ccccc2cc1C,c1ccc2ccccc2c1,train,-4.72,1
Cc1cc2nc3c(=O)[nH]c(=O)nc-3n(CC(O)C(O)C(O)CO)c2cc1C,O=c1nc2[nH]c3ccccc3nc-2c(=O)[nH]1,test,-3.685,1
Cc1ccc(-c2ccccc2)cc1,c1ccc(-c2ccccc2)cc1,train,-4.62,1
Cc1ccc(Br)cc1,c1ccccc1,train,-3.19,1
Cc1ccc(C(C)C)c(O)c1,c1ccccc1,train,-2.22,1
Cc1ccc(C(C)C)cc1,c1ccccc1,train,-3.77,1
Cc1ccc(C(C)C)cc1O,c1ccccc1,train,-2.08,1
Cc1ccc(C)c(C)c1,c1ccccc1,train,-3.31,1
Cc1ccc(C)c2ccccc12,c1ccc2ccccc2c1,train,-4.14,1
Cc1ccc(C)cc1,c1ccccc1,train,-2.77,1
Cc1ccc(Cl)cc1,c1ccccc1,train,-3.08,1
Cc1ccc(N)cc1,c1ccccc1,train,-1.21,1
Cc1ccc(N=CN(C)C=Nc2ccc(C)cc2C)c(C)c1,C(=Nc1ccccc1)NC=Nc1ccccc1,test,-5.47,1
Cc1ccc(NC(=O)N(C)C)cc1Cl,c1ccccc1,train,-3.483,1
Cc1ccc(O)c(C)c1,c1ccccc1,train,-1.19,1
Cc1ccc(O)cc1,c1ccccc1,train,-0.73,1
Cc1ccc(O)cc1C,c1ccccc1,train,-1.38,1
Cc1ccc(OP(=O)(Oc2cccc(C)c2)Oc2ccccc2C)cc1,O=P(Oc1ccccc1)(Oc1ccccc1)Oc1ccccc1,test,-6.01,1
Cc1ccc(S(N)(=O)=O)cc1,c1ccccc1,train,-1.74,1
Cc1ccc([N+](=O)[O-])cc1,c1ccccc1,train,-2.49,1
Cc1ccc([N+](=O)[O-])cc1[N+](=O)[O-],c1ccccc1,train,-2.82,1
Cc1ccc2c(c1)C(=O)N(C)c1cc(N)ccc1O2,O=C1Nc2ccccc2Oc2ccccc21,train,-3.928,1
Cc1ccc2c(c1)Oc1ncc(N)cc1C(=O)N2C,O=C1Nc2ccccc2Oc2ncccc21,train,-3.043,1
Cc1ccc2c(ccc3c4c5c(cccc5cc32)CC4)c1,c1cc2c3c(c4ccc5ccccc5c4cc3c1)CC2,test,-7.92,1
Cc1ccc2c(ccc3ccccc32)c1,c1ccc2c(c1)ccc1ccccc12,train,-5.84,1
Cc1ccc2cc(C)ccc2c1,c1ccc2ccccc2c1,train,-4.89,1
Cc1ccc2cc3ccccc3cc2c1,c1ccc2cc3ccccc3cc2c1,train,-6.96,1
Cc1ccc2ccc(C)nc2c1,c1ccc2ncccc2c1,train,-1.94,1
Cc1ccc2ccccc2c1,c1ccc2ccccc2c1,train,-3.77,1
Cc1cccc(C)c1,c1ccccc1,train,-2.82,1
Cc1cccc(C)c1C,c1ccccc1,train,-3.2,1
Cc1cccc(C)c1NC(=O)c1cc(S(N)(=O)=O)c(Cl)cc1O,O=C(Nc1ccccc1)c1ccccc1,train,-3.79,1
Cc1cccc(C)c1O,c1ccccc1,train,-1.29,1
Cc1cccc(C)n1,c1ccncc1,train,0.45,1
Cc1cccc(N)c1,c1ccccc1,train,-0.85,1
Cc1cccc(O)c1,c1ccccc1,train,-0.68,1
Cc1cccc([N+](=O)[O-])c1,c1ccccc1,train,-2.44,1
Cc1cccc2c(C)cccc12,c1ccc2ccccc2c1,train,-4.678999999999999,1
Cc1cccc2c1Cc1ccccc1-2,c1ccc2c(c1)Cc1ccccc1-2,test,-5.22,1
Cc1cccc2c1ccc1ccccc12,c1ccc2c(c1)ccc1ccccc12,train,-5.85,1
Cc1cccc2ccccc12,c1ccc2ccccc2c1,train,-3.7,1
Cc1cccc2sc3nncn3c12,c1ccc2c(c1)sc1nncn12,test,-2.07,1
Cc1ccccc1,c1ccccc1,train,-2.21,1
Cc1ccccc1-n1c(C)nc2ccccc2c1=O,O=c1c2ccccc2ncn1-c1ccccc1,test,-2.925,1
Cc1ccccc1Br,c1ccccc1,train,-2.23,1
Cc1ccccc1C,c1ccccc1,train,-2.8,1
Cc1ccccc1C(C)C,c1ccccc1,train,-3.76,1
Cc1ccccc1Cl,c1ccccc1,train,-3.52,1
Cc1ccccc1N,c1ccccc1,train,-2.21,1
Cc1ccccc1N1C(=O)c2cc(S(N)(=O)=O)c(Cl)cc2NC1C,O=C1c2ccccc2NCN1c1ccccc1,test,-3.78,1
Cc1ccccc1O,c1ccccc1,train,-0.62,1
Cc1ccccc1[N+](=O)[O-],c1ccccc1,train,-2.33,1
Cc1cccnc1C,c1ccncc1,train,0.38,1
Cc1ccnc(C)c1,c1ccncc1,train,0.38,1
Cc1ccnc2c1NC(=O)c1cccnc1N2C1CC1,O=C1Nc2cccnc2N(C2CC2)c2ncccc21,test,-3.19,1
Cc1ccncc1C,c1ccncc1,train,0.36,1
Cc1cnc2cncnc2n1,c1cnc2ncncc2n1,train,-0.8540000000000001,1
Cc1cncc(C)c1,c1ccncc1,train,0.38,1
Cc1nc(N(C)C)nc(OC(=O)N(C)C)c1C,c1cncnc1,train,-1.95,1
Cc1ncc([N+](=O)[O-])n1CCO,c1c[nH]cn1,test,-1.24,2
Cc1ncc2nccnc2n1,c1cnc2ncncc2n1,train,-0.12,1
Cc1ncnc2nccnc12,c1cnc2ncncc2n1,train,-0.466,1
Cc1nnc2n1-c1ccc(Cl)cc1C(c1ccccc1Cl)=NC2,c1ccc(C2=NCc3nncn3-c3ccccc32)cc1,test,-4.09,1
Cc1occc1C(=O)Nc1ccccc1,O=C(Nc1ccccc1)c1ccoc1,test,-3.3,1
Cl/C=C\Cl,,train,-1.3,1
ClC(Br)Br,,train,-1.9,1
ClC(Cl)(Cl)C(Cl)(Cl)Cl,,train,-3.67,1
ClC(Cl)(Cl)Cl,,train,-2.31,1
ClC(Cl)=C(Cl)C(Cl)=C(Cl)Cl,,train,-4.92,1
ClC(Cl)=C(Cl)Cl,,train,-2.54,1
ClC(Cl)=C(c1ccc(Cl)cc1)c1ccc(Cl)cc1,C=C(c1ccccc1)c1ccccc1,test,-6.9,1
ClC(Cl)Br,,train,-1.54,1
ClC(Cl)C(Cl)(Cl)Cl,,train,-2.6,1
ClC(Cl)C(Cl)Cl,,train,-1.74,1
ClC(Cl)Cl,,train,-1.17,1
ClC1(Cl)C2(Cl)C3(Cl)C4(Cl)C(Cl)(Cl)C5(Cl)C3(Cl)C1(Cl)C5(Cl)C24Cl,C1C2C3C4CC5C3C1C5C24,test,-6.8,1
ClC1=C(Cl)C(Cl)(C2(Cl)C(Cl)=C(Cl)C(Cl)=C2Cl)C(Cl)=C1Cl,C1=CC(C2C=CC=C2)C=C1,test,-7.278,1
ClC1=C(Cl)C2(Cl)C3C(Cl)C(Cl)CC3C1(Cl)C2(Cl)Cl,C1=CC2CC1C1CCCC21,test,-6.86,1
ClC1=C(Cl)C2(Cl)C3C(Cl)C=CC3C1(Cl)C2(Cl)Cl,C1=CC2C3C=CC(C3)C2C1,train,-6.317,1
ClC1=C(Cl)C2(Cl)C3C4C=CC(C4)C3C1(Cl)C2(Cl)Cl,C1=CC2CC1C1C3C=CC(C3)C21,test,-6.307,1
ClC1=C(Cl)C2(Cl)C3C4CC(C5OC45)C3C1(Cl)C2(Cl)Cl,C1=CC2CC1C1C3CC(C4OC34)C21,test,-6.29,1
ClC1=C(Cl)C2(Cl)C3CC=CC3C1(Cl)C2(Cl)Cl,C1=CC2C3C=CC(C3)C2C1,train,-5.64,1
ClC1C(Cl)C(Cl)C(Cl)C(Cl)C1Cl,C1CCCCC1,train,-4.64,1
ClC=C(Cl)Cl,,train,-1.96,1
ClCBr,,train,-0.89,1
ClCC(Cl)(Cl)Cl,,train,-2.18,1
ClCC(Cl)Cl,,train,-1.48,1
ClCCBr,,train,-1.32,1
ClCCCCl,,train,-1.62,1
ClCCCl,,train,-1.06,1
ClCCl,,train,-0.63,1
ClCc1ccccc1,c1ccccc1,train,-2.39,1
Clc1c(Cl)c(Cl)c(-c2c(Cl)c(Cl)c(Cl)c(Cl)c2Cl)c(Cl)c1Cl,c1ccc(-c2ccccc2)cc1,train,-11.6,1
Clc1c(Cl)c(Cl)c(-c2ccccc2)c(Cl)c1Cl,c1ccc(-c2ccccc2)cc1,train,-7.92,1
Clc1c(Cl)c(Cl)c2nccnc2c1Cl,c1ccc2nccnc2c1,test,-5.43,1
Clc1cc(-c2cc(Cl)c(Cl)c(Cl)c2Cl)c(Cl)c(Cl)c1Cl,c1ccc(-c2ccccc2)cc1,train,-9.16,1
Clc1cc(Cl)c(-c2c(Cl)cc(Cl)cc2Cl)c(Cl)c1,c1ccc(-c2ccccc2)cc1,train,-8.71,1
Clc1cc(Cl)c(-c2c(Cl)cccc2Cl)c(Cl)c1,c1ccc(-c2ccccc2)cc1,train,-7.32,1
Clc1cc(Cl)c(-c2cc(Cl)c(Cl)cc2Cl)cc1Cl,c1ccc(-c2ccccc2)cc1,train,-8.56,1
Clc1cc(Cl)c(-c2cccc(Cl)c2Cl)cc1Cl,c1ccc(-c2ccccc2)cc1,train,-7.21,1
Clc1cc(Cl)c(Cl)c(-c2c(Cl)c(Cl)cc(Cl)c2Cl)c1Cl,c1ccc(-c2ccccc2)cc1,train,-9.15,1
Clc1cc(Cl)c(Cl)c(Cl)c1,c1ccccc1,train,-4.63,1
Clc1cc(Cl)c(Cl)c(Cl)c1Cl,c1ccccc1,train,-5.65,1
Clc1cc(Cl)c(Cl)cc1Cl,c1ccccc1,train,-5.56,1
Clc1cc(Cl)cc(Cl)c1,c1ccccc1,train,-4.48,1
Clc1ccc(-c2c(Cl)c(Cl)c(Cl)c(Cl)c2Cl)c(Cl)c1,c1ccc(-c2ccccc2)cc1,train,-7.92,1
Clc1ccc(-c2c(Cl)cc(Cl)c(Cl)c2Cl)c(Cl)c1Cl,c1ccc(-c2ccccc2)cc1,train,-7.66,1
Clc1ccc(-c2c(Cl)ccc(Cl)c2Cl)c(Cl)c1,c1ccc(-c2ccccc2)cc1,train,-7.43,1
Clc1ccc(-c2c(Cl)cccc2Cl)cc1,c1ccc(-c2ccccc2)cc1,train,-6.14,1
Clc1ccc(-c2cc(Cl)c(Cl)c(Cl)c2Cl)c(Cl)c1,c1ccc(-c2ccccc2)cc1,train,-7.39,1
Clc1ccc(-c2cc(Cl)c(Cl)c(Cl)c2Cl)cc1Cl,c1ccc(-c2ccccc2)cc1,train,-7.82,1
Clc1ccc(-c2cc(Cl)ccc2Cl)c(Cl)c1,c1ccc(-c2ccccc2)cc1,train,-6.57,1
Clc1ccc(-c2cc(Cl)ccc2Cl)cc1,c1ccc(-c2ccccc2)cc1,train,-6.25,1
Clc1ccc(-c2ccc(Cl)c(Cl)c2Cl)c(Cl)c1,c1ccc(-c2ccccc2)cc1,train,-7.8,1
Clc1ccc(-c2ccc(Cl)c(Cl)c2Cl)c(Cl)c1Cl,c1ccc(-c2ccccc2)cc1,train,-8.01,1
Clc1ccc(-c2ccc(Cl)cc2)cc1,c1ccc(-c2ccccc2)cc1,train,-6.56,1
Clc1ccc(-c2cccc(Cl)c2Cl)cc1,c1ccc(-c2ccccc2)cc1,train,-6.29,1
Clc1ccc(-c2ccccc2)cc1Cl,c1ccc(-c2ccccc2)cc1,train,-6.39,1
Clc1ccc(-c2ccccc2Cl)cc1,c1ccc(-c2ccccc2)cc1,train,-5.28,1
Clc1ccc(Br)cc1,c1ccccc1,train,-3.63,1
Clc1ccc(C(c2ccc(Cl)cc2)C(Cl)(Cl)Cl)cc1,c1ccc(Cc2ccccc2)cc1,train,-7.15,1
Clc1ccc(C(c2ccc(Cl)cc2)C(Cl)Cl)cc1,c1ccc(Cc2ccccc2)cc1,train,-7.2,2
Clc1ccc(C(c2ccccc2Cl)C(Cl)Cl)cc1,c1ccc(Cc2ccccc2)cc1,train,-6.51,1
Clc1ccc(Cl)c(-c2c(Cl)c(Cl)c(Cl)c(Cl)c2Cl)c1,c1ccc(-c2ccccc2)cc1,train,-8.94,1
Clc1ccc(Cl)c(-c2c(Cl)c(Cl)cc(Cl)c2Cl)c1,c1ccc(-c2ccccc2)cc1,train,-7.42,1
Clc1ccc(Cl)c(-c2cc(Cl)c(Cl)c(Cl)c2Cl)c1,c1ccc(-c2ccccc2)cc1,train,-7.68,1
Clc1ccc(Cl)c(-c2ccc(Cl)c(Cl)c2)c1,c1ccc(-c2ccccc2)cc1,train,-7.25,1
Clc1ccc(Cl)c(-c2cccc(Cl)c2Cl)c1,c1ccc(-c2ccccc2)cc1,train,-6.47,1
Clc1ccc(Cl)c(Cl)c1,c1ccccc1,train,-3.59,1
Clc1ccc(Cl)c(Cl)c1Cl,c1ccccc1,train,-4.57,1
Clc1ccc(Cl)cc1,c1ccccc1,train,-3.27,1
Clc1ccc(I)cc1,c1ccccc1,train,-4.03,1
Clc1ccc2ccccc2c1,c1ccc2ccccc2c1,train,-4.14,1
Clc1cccc(-c2c(Cl)c(Cl)cc(Cl)c2Cl)c1Cl,c1ccc(-c2ccccc2)cc1,train,-8.6,1
Clc1cccc(-c2cc(Cl)ccc2Cl)c1,c1ccc(-c2ccccc2)cc1,train,-6.01,1
Clc1cccc(-c2cccc(Cl)c2Cl)c1Cl,c1ccc(-c2ccccc2)cc1,train,-7.28,1
Clc1cccc(-c2ccccc2)c1,c1ccc(-c2ccccc2)cc1,train,-4.88,1
Clc1cccc(Br)c1,c1ccccc1,train,-3.21,1
Clc1cccc(C(Cl)(Cl)Cl)n1,c1ccncc1,train,-3.76,1
Clc1cccc(Cl)c1,c1ccccc1,train,-3.04,1
Clc1cccc(Cl)c1-c1c(Cl)cccc1Cl,c1ccc(-c2ccccc2)cc1,train,-7.39,1
Clc1cccc(Cl)c1-c1ccccc1,c1ccc(-c2ccccc2)cc1,train,-5.21,1
Clc1cccc(Cl)c1Cl,c1ccccc1,train,-4.0,1
Clc1cccc(I)c1,c1ccccc1,train,-3.55,1
Clc1cccc2ccccc12,c1ccc2ccccc2c1,train,-3.93,1
Clc1ccccc1,c1ccccc1,train,-2.38,1
Clc1ccccc1-c1ccccc1,c1ccc(-c2ccccc2)cc1,train,-4.54,1
Clc1ccccc1-c1ccccc1Cl,c1ccc(-c2ccccc2)cc1,train,-5.27,1
Clc1ccccc1Br,c1ccccc1,train,-3.19,1
Clc1ccccc1Cl,c1ccccc1,train,-3.05,1
Clc1ccccc1I,c1ccccc1,train,-3.54,1
Cn1c(=O)c2[nH]cnc2n(C)c1=O,O=c1[nH]c(=O)c2[nH]cnc2[nH]1,train,-1.39,1
Cn1c(=O)c2c(ncn2C)n(C)c1=O,O=c1[nH]c(=O)c2[nH]cnc2[nH]1,train,-0.8759999999999999,1
Cn1c(=O)c2c(ncn2CC(O)CO)n(C)c1=O,O=c1[nH]c(=O)c2[nH]cnc2[nH]1,train,-0.17,1
Cn1c(=O)on(-c2ccc(Cl)c(Cl)c2)c1=O,O=c1[nH]c(=O)n(-c2ccccc2)o1,test,-2.82,1
Cn1cc(-c2ccccc2)c(=O)c(-c2cccc(C(F)(F)F)c2)c1,O=c1c(-c2ccccc2)c[nH]cc1-c1ccccc1,test,-4.445,1
Cn1ccc(=O)[nH]c1=O,O=c1cc[nH]c(=O)[nH]1,train,-0.807,1
Cn1cnc2c1c(=O)[nH]c(=O)n2C,O=c1[nH]c(=O)c2[nH]cnc2[nH]1,train,-2.523,1
FC(F)(Cl)C(F)(Cl)Cl,,train,-3.04,1
FC(F)(Cl)C(F)(F)Cl,,train,-2.74,1
FC(F)(F)C(Cl)Br,,train,-1.71,1
FC(F)(F)c1ccccc1,c1ccccc1,train,-2.51,1
Fc1ccc(F)cc1,c1ccccc1,train,-1.97,1
Fc1cccc(Br)c1,c1ccccc1,train,-2.67,1
Fc1cccc(F)c1,c1ccccc1,train,-2.0,1
Fc1ccccc1,c1ccccc1,train,-1.8,1
Fc1ccccc1Br,c1ccccc1,train,-2.7,1
ICI,,train,-2.34,1
Ic1cccc2ccccc12,c1ccc2ccccc2c1,train,-4.55,1
Ic1ccccc1,c1ccccc1,train,-3.01,1
N#CC(Cl)(Cl)Cl,,train,-2.168,1
N#CC(OC1OC(COC2OC(CO)C(O)C(O)C2O)C(O)C(O)C1O)c1ccccc1,c1ccc(COC2CCCC(COC3CCCCO3)O2)cc1,test,-0.77,1
N#CCCCl,,train,-0.29,1
N#CCCl,,train,-0.092,1
N#CN=C(N)N,,train,-0.31,1
N#Cc1c(Cl)c(Cl)c(Cl)c(C#N)c1Cl,c1ccccc1,train,-5.64,1
N#Cc1cc(Br)c(O)c(Br)c1,c1ccccc1,train,-3.33,1
N#Cc1cc(I)c(O)c(I)c1,c1ccccc1,train,-3.61,1
N#Cc1ccccc1,c1ccccc1,train,-1.0,1
N#Cc1ccccc1C#N,c1ccccc1,train,-2.38,1
N=C(N)NS(=O)(=O)c1ccc(N)cc1,c1ccccc1,train,-1.99,1
NC(=O)CCl,,train,-0.02,1
NC(=O)NC1NC(=O)NC1=O,O=C1CNC(=O)N1,train,-1.6,1
NC(=O)NCc1ccccc1,c1ccccc1,train,-0.95,1
NC(=O)c1ccccc1,c1ccccc1,train,-0.96,1
NC(=O)c1ccccc1O,c1ccccc1,train,-1.82,1
NC(=O)c1cccnc1,c1ccncc1,train,0.61,1
NC(=O)c1cnccn1,c1cnccn1,test,-0.667,1
NC(=S)Nc1ccccc1,c1ccccc1,train,-1.77,1
NC(N)=O,,train,0.96,1
NC(N)=S,,train,0.32,1
NNC(=O)c1ccncc1,c1ccncc1,train,0.009000000000000001,1
NNc1ccccc1,c1ccccc1,train,0.07,1
NS(=O)(=O)c1cc(C2(O)NC(=O)c3ccccc32)ccc1Cl,O=C1NC(c2ccccc2)c2ccccc21,test,-3.451,1
NS(=O)(=O)c1cc2c(cc1C(F)(F)F)NC(Cc1ccccc1)NS2(=O)=O,O=S1(=O)NC(Cc2ccccc2)Nc2ccccc21,test,-3.59,1
NS(=O)(=O)c1cc2c(cc1Cl)N=CNS2(=O)=O,O=S1(=O)NC=Nc2ccccc21,test,-3.05,1
NS(=O)(=O)c1cc2c(cc1Cl)NC(C(Cl)Cl)NS2(=O)=O,O=S1(=O)NCNc2ccccc21,test,-2.68,1
NS(=O)(=O)c1cc2c(cc1Cl)NCNS2(=O)=O,O=S1(=O)NCNc2ccccc21,test,-2.63,1
Nc1cc(N2CCCCC2)nc(N)[n+]1[O-],c1cc(N2CCCCC2)nc[nH+]1,test,-1.989,1
Nc1cc2c3ccccc3ccc2c2ccccc12,c1ccc2c(c1)ccc1c3ccccc3ccc21,train,-6.2,1
Nc1cc[nH]c(=O)n1,O=c1nccc[nH]1,train,-1.155,1
Nc1ccc(-c2ccc(N)cc2)cc1,c1ccc(-c2ccccc2)cc1,train,-2.7,1
Nc1ccc(Cl)cc1,c1ccccc1,train,-1.66,1
Nc1ccc(O)cc1,c1ccccc1,train,-0.8,1
Nc1ccc(S(=O)(=O)c2ccc(N)cc2)cc1,O=S(=O)(c1ccccc1)c1ccccc1,train,-3.094,1
Nc1ccc(S(N)(=O)=O)cc1,c1ccccc1,train,-1.34,1
Nc1ccc([N+](=O)[O-])cc1,c1ccccc1,train,-2.37,1
Nc1ccc2cc3ccccc3cc2c1,c1ccc2cc3ccccc3cc2c1,train,-5.17,1
Nc1cccc(Cl)c1,c1ccccc1,train,-1.37,1
Nc1cccc([N+](=O)[O-])c1,c1ccccc1,train,-2.19,1
Nc1cccc2ccccc12,c1ccc2ccccc2c1,train,-1.92,1
Nc1cccc2nc3ccccc3cc12,c1ccc2nc3ccccc3cc2c1,test,-4.22,1
Nc1ccccc1,c1ccccc1,train,-0.41,1
Nc1ccccc1Cl,c1ccccc1,train,-1.52,1
Nc1ccccc1O,c1ccccc1,train,-0.72,1
Nc1ccccc1[N+](=O)[O-],c1ccccc1,train,-1.96,1
Nc1cnn(-c2ccccc2)c(=O)c1Br,O=c1cccnn1-c1ccccc1,train,-3.127,1
Nc1cnn(-c2ccccc2)c(=O)c1Cl,O=c1cccnn1-c1ccccc1,train,-2.878,1
Nc1nc(=O)[nH]cc1F,O=c1nccc[nH]1,train,-0.972,1
Nc1nc(N)c2nc(-c3ccccc3)c(N)nc2n1,c1ccc(-c2cnc3ncncc3n2)cc1,test,-2.404,1
Nc1nc(O)nc2nc[nH]c12,c1ncc2[nH]cnc2n1,test,-3.4010000000000002,1
Nc1nc2[nH]cnc2c(=O)[nH]1,O=c1[nH]cnc2[nH]cnc12,test,-3.583,1
Nc1nc[nH]n1,c1nc[nH]n1,test,0.522,1
Nc1nccs1,c1cscn1,test,-0.36,1
Nc1ncnc2c1ccn2C1OC(CO)C(O)C1O,c1ncc2ccn(C3CCCO3)c2n1,test,-1.95,1
Nc1ncnc2nc[nH]c12,c1ncc2[nH]cnc2n1,test,-2.12,1
O=C(C=CC=Cc1ccc2c(c1)OCO2)N1CCCCC1,O=C(C=CC=Cc1ccc2c(c1)OCO2)N1CCCCC1,test,-3.46,1
O=C(CC(Cl)Cl)NC1=C(Cl)C(=O)c2ccccc2C1=O,O=C1C=CC(=O)c2ccccc21,train,-5.03,1
O=C(Cn1ccnc1[N+](=O)[O-])NCc1ccccc1,O=C(Cn1ccnc1)NCc1ccccc1,test,-2.81,1
O=C(NC(=O)c1c(F)cccc1F)Nc1cc(Cl)c(F)c(Cl)c1F,O=C(NC(=O)c1ccccc1)Nc1ccccc1,train,-7.28,1
O=C(NC(=O)c1c(F)cccc1F)Nc1ccc(Cl)cc1,O=C(NC(=O)c1ccccc1)Nc1ccccc1,train,-6.02,1
O=C(NC(CO)C(O)c1ccc([N+](=O)[O-])cc1)C(Cl)Cl,c1ccccc1,train,-2.1109999999999998,1
O=C(Nc1ccc([N+](=O)[O-])cc1Cl)c1cc(Cl)ccc1O,O=C(Nc1ccccc1)c1ccccc1,train,-4.7,1
O=C(Nc1cccc(Cl)c1)OCC#CCCl,c1ccccc1,train,-4.37,1
O=C(Nc1ccccc1)N(Cc1ccc(Cl)cc1)C1CCCC1,O=C(Nc1ccccc1)N(Cc1ccccc1)C1CCCC1,test,-5.915,1
O=C(Nc1ccccc1)Nc1ccccc1,O=C(Nc1ccccc1)Nc1ccccc1,test,-3.15,1
O=C(Nc1ccccc1)c1ccccc1I,O=C(Nc1ccccc1)c1ccccc1,train,-4.21,1
O=C(Nc1ccccc1)c1ccccc1O,O=C(Nc1ccccc1)c1ccccc1,train,-3.59,1
O=C(OCC(O)CO)c1ccccc1Nc1ccnc2cc(Cl)ccc12,c1ccc(Nc2ccnc3ccccc23)cc1,test,-4.571000000000001,1
O=C(c1ccccc1)C(O)c1ccccc1,O=C(Cc1ccccc1)c1ccccc1,test,-2.85,1
O=C(c1ccccc1)c1ccccc1,O=C(c1ccccc1)c1ccccc1,test,-3.12,1
O=C1C(Cl)C(CCl)CN1c1cccc(C(F)(F)F)c1,O=C1CCCN1c1ccccc1,test,-4.047,1
O=C1C(O)=C(C2CCC(c3ccc(Cl)cc3)CC2)C(=O)c2ccccc21,O=C1C=C(C2CCC(c3ccccc3)CC2)C(=O)c2ccccc21,test,-5.931,1
O=C1C2(Cl)C3(Cl)C4(Cl)C(Cl)(Cl)C5(Cl)C3(Cl)C1(Cl)C5(Cl)C24Cl,O=C1C2C3C4CC5C3C1C5C42,test,-5.2589999999999995,1
O=C1C2CC=CCC2C(=O)N1SC(Cl)(Cl)C(Cl)Cl,O=C1NC(=O)C2CC=CCC12,test,-5.4,1
O=C1C=C2CC3(O)COc4c(ccc(O)c4O)C3=C2C=C1O,O=C1C=CC2=C3c4ccccc4OCC3CC2=C1,test,-2.7,1
O=C1CC(c2ccc(O)c(O)c2)Oc2cc(O)cc(O)c21,O=C1CC(c2ccccc2)Oc2ccccc21,test,-3.62,1
O=C1CCC(=O)N1,O=C1CCC(=O)N1,test,0.3,1
O=C1CCC(N2C(=O)c3ccccc3C2=O)C(=O)N1,O=C1CCC(N2C(=O)c3ccccc3C2=O)C(=O)N1,test,-2.676,1
O=C1CCCCC1,O=C1CCCCC1,train,-0.6,1
O=C1CCCN1,O=C1CCCN1,test,1.07,1
O=C1CN(N=Cc2ccc([N+](=O)[O-])o2)C(=O)N1,O=C1CN(N=Cc2ccco2)C(=O)N1,test,-3.38,1
O=C1CN=C(c2ccccc2)c2cc([N+](=O)[O-])ccc2N1,O=C1CN=C(c2ccccc2)c2ccccc2N1,train,-3.7960000000000003,1
O=C1CN=C(c2ccccc2Cl)c2cc([N+](=O)[O-])ccc2N1,O=C1CN=C(c2ccccc2)c2ccccc2N1,train,-3.4989999999999997,1
O=C1CNC(=O)N1,O=C1CNC(=O)N1,train,-0.4,1
O=C1CSC(=S)N1,O=C1CSC(=S)N1,test,-1.77,1
O=C1NC(=O)C(=O)C(=O)N1,O=C1NC(=O)C(=O)C(=O)N1,test,-1.25,1
O=C1NC(=O)C(=O)N1,O=C1NC(=O)C(=O)N1,test,-0.4,1
O=C1NC(=O)C(O)(C2(O)C(=O)NC(=O)NC2=O)C(=O)N1,O=C1NC(=O)C(C2C(=O)NC(=O)NC2=O)C(=O)N1,test,-1.99,1
O=C1NC(=O)C(c2ccccc2)(c2ccccc2)N1,O=C1NC(=O)C(c2ccccc2)(c2ccccc2)N1,train,-4.0969999999999995,1
O=C1NC(=O)C2(CC2)C(=O)N1,O=C1NC(=O)C2(CC2)C(=O)N1,test,-1.886,1
O=C1NC(=O)C2(CCC2)C(=O)N1,O=C1NC(=O)C2(CCC2)C(=O)N1,test,-1.655,1
O=C1NC(=O)C2(CCCC2)C(=O)N1,O=C1NC(=O)C2(CCCC2)C(=O)N1,test,-2.349,1
O=C1NC(=O)C2(CCCCC2)C(=O)N1,O=C1NC(=O)C2(CCCCC2)C(=O)N1,test,-3.06,1
O=C1NC(=O)C2(CCCCCC2)C(=O)N1,O=C1NC(=O)C2(CCCCCC2)C(=O)N1,test,-3.168,1
O=C1NC(=O)C2(CCCCCCC2)C(=O)N1,O=C1NC(=O)C2(CCCCCCC2)C(=O)N1,test,-2.9819999999999998,1
O=C1NC(=O)C2C3C(C(O)(c4ccccc4)c4ccccn4)=CC(C3=C(c3ccccc3)c3ccccn3)C12,O=C1NC(=O)C2C3C(C(c4ccccc4)c4ccccn4)=CC(C3=C(c3ccccc3)c3ccccn3)C12,test,-3.931,1
O=C1NC(=O)C2C=CC=CC12,O=C1NC(=O)C2C=CC=CC12,test,-2.932,1
O=C1NC(=O)c2ccccc21,O=C1NC(=O)c2ccccc21,train,-2.61,1
O=C1NCCN1c1ncc([N+](=O)[O-])s1,O=C1NCCN1c1nccs1,test,-3.22,1
O=C1Nc2ccc(Cl)cc2C(c2ccccc2)=NC1O,O=C1CN=C(c2ccccc2)c2ccccc2N1,train,-3.952,1
O=C1Nc2ccc(Cl)cc2C(c2ccccc2Cl)=NC1O,O=C1CN=C(c2ccccc2)c2ccccc2N1,train,-3.6039999999999996,1
O=C1OC(c2ccc(O)cc2)(c2ccc(O)cc2)c2ccccc21,O=C1OC(c2ccccc2)(c2ccccc2)c2ccccc21,test,-2.9,1
O=C1c2ccccc2C(=O)c2ccccc21,O=C1c2ccccc2C(=O)c2ccccc21,test,-5.19,1
O=C1c2ccccc2Cc2ccccc2N1CCF,O=C1Nc2ccccc2Cc2ccccc21,test,-4.7989999999999995,1
O=CNC(N1C=CN(C(NC=O)C(Cl)(Cl)Cl)C=C1)C(Cl)(Cl)Cl,C1=CNC=CN1,test,-4.19,1
O=Cc1ccc(O)cc1,c1ccccc1,train,-0.96,1
O=Cc1ccc2c(c1)OCO2,c1ccc2c(c1)OCO2,test,-1.63,1
O=Cc1ccccc1,c1ccccc1,train,-1.19,1
O=Cc1ccco1,c1ccoc1,train,-0.1,1
O=[N+]([O-])C(Cl)(Cl)Cl,,train,-2.0,1
O=[N+]([O-])OCC(CO[N+](=O)[O-])O[N+](=O)[O-],,train,-2.22,1
O=[N+]([O-])c1c(Cl)c(Cl)c(Cl)c(Cl)c1Cl,c1ccccc1,train,-5.82,1
O=[N+]([O-])c1cc([N+](=O)[O-])cc([N+](=O)[O-])c1,c1ccccc1,train,-2.89,1
O=[N+]([O-])c1ccc(C=NO)o1,c1ccoc1,train,-2.19,1
O=[N+]([O-])c1ccc(Cl)c(Cl)c1,c1ccccc1,train,-3.2,1
O=[N+]([O-])c1ccc(Cl)cc1,c1ccccc1,train,-2.92,1
O=[N+]([O-])c1ccc(O)cc1,c1ccccc1,train,-0.74,1
O=[N+]([O-])c1ccc(Oc2ccc(Cl)cc2Cl)cc1,c1ccc(Oc2ccccc2)cc1,train,-5.46,1
O=[N+]([O-])c1ccc([N+](=O)[O-])cc1,c1ccccc1,train,-3.39,1
O=[N+]([O-])c1cccc(Cl)c1,c1ccccc1,train,-2.77,1
O=[N+]([O-])c1cccc(Cl)c1Cl,c1ccccc1,train,-3.48,1
O=[N+]([O-])c1cccc(O)c1,c1ccccc1,train,-1.01,1
O=[N+]([O-])c1cccc([N+](=O)[O-])c1,c1ccccc1,train,-2.29,1
O=[N+]([O-])c1cccc2ccccc12,c1ccc2ccccc2c1,train,-3.54,1
O=[N+]([O-])c1ccccc1,c1ccccc1,train,-1.8,1
O=[N+]([O-])c1ccccc1Cl,c1ccccc1,train,-2.55,1
O=[N+]([O-])c1ccccc1O,c1ccccc1,train,-1.74,1
O=[N+]([O-])c1ccccc1[N+](=O)[O-],c1ccccc1,train,-3.1,1
O=c1[nH]c(=O)c2[nH]c(=O)[nH]c2[nH]1,O=c1[nH]c(=O)c2[nH]c(=O)[nH]c2[nH]1,test,-3.93,1
O=c1[nH]c2c(c(=O)n1C1CCCCC1)CCC2,O=c1[nH]c2c(c(=O)n1C1CCCCC1)CCC2,test,-4.593999999999999,1
O=c1[nH]c2cc(Cl)ccc2o1,O=c1[nH]c2ccccc2o1,test,-2.8310000000000004,1
O=c1[nH]cc(F)c(=O)[nH]1,O=c1cc[nH]c(=O)[nH]1,train,-1.077,1
O=c1[nH]cnc2[nH]ncc12,O=c1[nH]cnc2[nH]ncc12,test,-2.266,1
O=c1[nH]cnc2nc[nH]c12,O=c1[nH]cnc2nc[nH]c12,test,-2.296,1
O=c1c(O)c(-c2ccc(O)cc2O)oc2cc(O)cc(O)c12,O=c1cc(-c2ccccc2)oc2ccccc12,test,-3.083,1
O=c1cc[nH]c(=O)[nH]1,O=c1cc[nH]c(=O)[nH]1,train,-1.4880000000000002,1
O=c1ccnc(S)[nH]1,O=c1ccnc[nH]1,test,-2.273,1
O=c1oc2ccccc2c(O)c1C(CC(O)c1ccc(-c2ccc(Br)cc2)cc1)c1ccccc1,O=c1oc2ccccc2cc1C(CCc1ccc(-c2ccccc2)cc1)c1ccccc1,test,-4.445,1
O=c1oc2ccccc2c(O)c1C1CCCc2ccccc21,O=c1oc2ccccc2cc1C1CCCc2ccccc21,test,-2.84,1
OC(Cn1cncn1)(Cn1cncn1)c1ccc(F)cc1F,c1ccc(C(Cn2cncn2)Cn2cncn2)cc1,test,-1.8,1
OC(Cn1cncn1)(c1ccc(F)cc1)c1ccccc1F,c1ccc(C(Cn2cncn2)c2ccccc2)cc1,test,-3.37,1
OC(c1ccc(Cl)cc1)(c1ccc(Cl)cc1)C(Cl)(Cl)Cl,c1ccc(Cc2ccccc2)cc1,train,-5.666,1
OC(c1ccc(Cl)cc1)(c1cncnc1)c1ccccc1Cl,c1ccc(C(c2ccccc2)c2cncnc2)cc1,test,-4.38,1
OC(c1ccccc1)C(O)c1ccccc1,c1ccc(CCc2ccccc2)cc1,train,-1.93,1
OC(c1ccccc1)c1ccccc1,c1ccc(Cc2ccccc2)cc1,train,-2.55,1
OC1C(O)C(O)C(O)C(O)C1O,C1CCCCC1,train,0.35,1
OC1C=CC2C1C1(Cl)C(Cl)=C(Cl)C2(Cl)C1(Cl)Cl,C1=CC2C3C=CC(C3)C2C1,train,-5.46,1
OC1CCCCC1,C1CCCCC1,train,-0.44,1
OC1CCCCCC1,C1CCCCCC1,train,-0.88,1
OC1CCCCCCC1,C1CCCCCCC1,train,-1.29,1
OC1COC(O)C(O)C1O,C1CCOCC1,train,0.39,1
OCC(O)C(O)C(O)C(O)CO,,train,0.5750000000000001,2
OCC(O)C(O)CO,,train,0.7,1
OCC(O)C1OC2OC(C(Cl)(Cl)Cl)OC2C1O,C1CC2OCOC2O1,test,-1.84,1
OCC(O)CO,,train,1.12,1
OCC1OC(O)(CO)C(O)C1O,C1CCOC1,train,0.64,1
OCC1OC(O)C(O)C(O)C1O,C1CCOCC1,train,0.74,1
OCC1OC(OC2(CO)OC(CO)C(O)C2O)C(O)C(O)C1O,C1CCC(OC2CCCO2)OC1,test,0.79,1
OCC1OC(OC2C(CO)OC(O)C(O)C2O)C(O)C(O)C1O,C1CCC(OC2CCCOC2)OC1,test,-0.244,1
OCC1OC(OCC2OC(OC3(CO)OC(CO)C(O)C3O)C(O)C(O)C2O)C(O)C(O)C1O,C1CCC(OCC2CCCC(OC3CCCO3)O2)OC1,test,-0.41,1
OCC1OC(n2cnc3c(O)ncnc32)C(O)C1O,c1ncc2ncn(C3CCCO3)c2n1,test,-1.23,1
OCCOc1ccccc1,c1ccccc1,train,-0.7,1
OCc1ccccc1,c1ccccc1,train,-0.4,1
OCc1ccccc1OC1OC(CO)C(O)C(O)C1O,c1ccc(OC2CCCCO2)cc1,test,-0.85,1
Oc1c(Cl)c(Cl)c(Cl)c(Cl)c1Cl,c1ccccc1,train,-4.28,1
Oc1c(Cl)c(Cl)cc(Cl)c1Cl,c1ccccc1,train,-3.37,1
Oc1c(Cl)cc(Cl)c(Cl)c1Cl,c1ccccc1,train,-3.1,1
Oc1c(Cl)cc(Cl)cc1Cl,c1ccccc1,train,-2.34,1
Oc1c(Cl)ccc(Cl)c1Cl,c1ccccc1,train,-2.64,1
Oc1c(Cl)cccc1Cl,c1ccccc1,train,-1.79,1
Oc1c2ccccc2cc2ccccc12,c1ccc2cc3ccccc3cc2c1,train,-4.73,1
Oc1cc(Cl)c(Cl)c(Cl)c1Cl,c1ccccc1,train,-3.15,1
Oc1cc(Cl)c(Cl)cc1Cl,c1ccccc1,train,-2.21,1
Oc1cc(Cl)cc(Cl)c1,c1ccccc1,train,-1.34,1
Oc1cc(Cl)cc(Cl)c1Cl,c1ccccc1,train,-2.67,1
Oc1cc(Cl)ccc1Oc1ccc(Cl)cc1Cl,c1ccc(Oc2ccccc2)cc1,train,-4.46,1
Oc1ccc(-c2ccccc2)cc1,c1ccc(-c2ccccc2)cc1,train,-3.48,1
Oc1ccc(Br)cc1,c1ccccc1,train,-1.09,1
Oc1ccc(Cl)c(Cl)c1,c1ccccc1,train,-1.25,1
Oc1ccc(Cl)c(Cl)c1Cl,c1ccccc1,train,-2.67,1
Oc1ccc(Cl)cc1,c1ccccc1,train,-0.7,1
Oc1ccc(Cl)cc1Cc1cc(Cl)ccc1O,c1ccc(Cc2ccccc2)cc1,train,-3.9530000000000003,1
Oc1ccc(Cl)cc1Cl,c1ccccc1,train,-1.55,1
Oc1ccc(O)cc1,c1ccccc1,train,-0.17,1
Oc1ccc2c(c1)CCCC2,c1ccc2c(c1)CCCC2,test,-1.99,1
Oc1ccc2ccccc2c1,c1ccc2ccccc2c1,train,-2.28,1
Oc1ccc2ncccc2c1,c1ccc2ncccc2c1,train,-2.16,1
Oc1cccc(Cl)c1,c1ccccc1,train,-0.7,1
Oc1cccc(Cl)c1Cl,c1ccccc1,train,-1.3,1
Oc1cccc(O)c1,c1ccccc1,train,0.81,1
Oc1cccc2ccccc12,c1ccc2ccccc2c1,train,-2.22,1
Oc1cccc2cccnc12,c1ccc2ncccc2c1,train,-2.42,1
Oc1cccc2ncccc12,c1ccc2ncccc2c1,train,-2.54,1
Oc1ccccc1,c1ccccc1,train,0.0,1
Oc1ccccc1Cl,c1ccccc1,train,-1.06,1
Oc1ccccc1O,c1ccccc1,train,0.62,1
Oc1ccccn1,c1ccncc1,train,1.02,1
Oc1ccncc1,c1ccncc1,train,1.02,1
Oc1ncc2nccnc2n1,c1cnc2ncncc2n1,train,-1.9469999999999998,1
Sc1ccccc1,c1ccccc1,train,-2.12,1
Sc1nc2ccccc2s1,c1ccc2scnc2c1,train,-3.18,1
c1cc2c3c(c4ccc5ccccc5c4cc3c1)CC2,c1cc2c3c(c4ccc5ccccc5c4cc3c1)CC2,test,-7.85,1
c1cc2c3c(cccc3c1)CC2,c1cc2c3c(cccc3c1)CC2,test,-4.63,1
c1cc2ccc3ccc4ccc5ccc6ccc1c1c2c3c4c5c61,c1cc2ccc3ccc4ccc5ccc6ccc1c1c2c3c4c5c61,test,-9.332,1
c1cc2ccc3ccc4ccc5cccc6c(c1)c2c3c4c56,c1cc2ccc3ccc4ccc5cccc6c(c1)c2c3c4c56,test,-9.017999999999999,1
c1cc2ccc3cccc4ccc(c1)c2c34,c1cc2ccc3cccc4ccc(c1)c2c34,test,-6.176,1
c1cc2cccc3c4cccc5cccc(c(c1)c23)c54,c1cc2cccc3c4cccc5cccc(c(c1)c23)c54,test,-8.804,1
c1ccc(-c2ccc(-c3ccccc3)cc2)cc1,c1ccc(-c2ccc(-c3ccccc3)cc2)cc1,test,-7.11,1
c1ccc(-c2ccccc2)cc1,c1ccc(-c2ccccc2)cc1,train,-4.345,1
c1ccc(C2CO2)cc1,c1ccc(C2CO2)cc1,test,-1.6,1
c1ccc(CCc2ccccc2)cc1,c1ccc(CCc2ccccc2)cc1,train,-4.62,1
c1ccc(Cc2ccccc2)cc1,c1ccc(Cc2ccccc2)cc1,train,-4.08,1
c1ccc(N=Nc2ccccc2)cc1,c1ccc(N=Nc2ccccc2)cc1,test,-4.45,1
c1ccc(NNc2ccccc2)cc1,c1ccc(NNc2ccccc2)cc1,test,-2.92,1
c1ccc(Nc2ccccc2)cc1,c1ccc(Nc2ccccc2)cc1,test,-3.5039999999999996,1
c1ccc(Oc2ccccc2)cc1,c1ccc(Oc2ccccc2)cc1,train,-3.96,1
c1ccc2[nH]ccc2c1,c1ccc2[nH]ccc2c1,test,-1.52,1
c1ccc2[nH]ncc2c1,c1ccc2[nH]ncc2c1,test,-2.16,1
c1ccc2[nH]nnc2c1,c1ccc2[nH]nnc2c1,test,-0.78,1
c1ccc2c(c1)-c1cccc3c1c-2cc1ccccc13,c1ccc2c(c1)-c1cccc3c1c-2cc1ccccc13,test,-8.23,1
c1ccc2c(c1)-c1cccc3cccc-2c13,c1ccc2c(c1)-c1cccc3cccc-2c13,test,-6.0,1
c1ccc2c(c1)CCC2,c1ccc2c(c1)CCC2,test,-3.04,1
c1ccc2c(c1)CCCC2,c1ccc2c(c1)CCCC2,test,-4.37,1
c1ccc2c(c1)CCN2,c1ccc2c(c1)CCN2,test,-1.04,1
c1ccc2c(c1)Cc1c-2ccc2ccccc12,c1ccc2c(c1)Cc1c-2ccc2ccccc12,test,-6.68,1
c1ccc2c(c1)Cc1cc3ccccc3cc1-2,c1ccc2c(c1)Cc1cc3ccccc3cc1-2,test,-8.04,1
c1ccc2c(c1)Cc1ccccc1-2,c1ccc2c(c1)Cc1ccccc1-2,test,-5.0,1
c1ccc2c(c1)[nH]c1ccccc12,c1ccc2c(c1)[nH]c1ccccc12,test,-5.27,1
c1ccc2c(c1)c1cccc3ccc4cccc2c4c31,c1ccc2c(c1)c1cccc3ccc4cccc2c4c31,test,-7.8,1
c1ccc2c(c1)c1ccccc1c1ccccc21,c1ccc2c(c1)c1ccccc1c1ccccc21,test,-6.726,1
c1ccc2c(c1)cc1ccc3cccc4ccc2c1c34,c1ccc2c(c1)cc1ccc3cccc4ccc2c1c34,test,-8.699,1
c1ccc2c(c1)ccc1c2ccc2c3ccccc3ccc21,c1ccc2c(c1)ccc1c2ccc2c3ccccc3ccc21,test,-7.87,1
c1ccc2c(c1)ccc1c3ccccc3ccc21,c1ccc2c(c1)ccc1c3ccccc3ccc21,train,-8.057,1
c1ccc2c(c1)ccc1ccccc12,c1ccc2c(c1)ccc1ccccc12,train,-5.26,1
c1ccc2c(c1)cnc1ccccc12,c1ccc2c(c1)cnc1ccccc12,test,-2.78,1
c1ccc2c(c1)oc1ccccc12,c1ccc2c(c1)oc1ccccc12,test,-4.6,1
c1ccc2c(c1)sc1ccccc12,c1ccc2c(c1)sc1ccccc12,test,-4.38,1
c1ccc2c3c(ccc2c1)-c1cccc2cccc-3c12,c1ccc2c3c(ccc2c1)-c1cccc2cccc-3c12,test,-8.0,1
c1ccc2cc3c(cc2c1)-c1cccc2cccc-3c12,c1ccc2cc3c(cc2c1)-c1cccc2cccc-3c12,test,-8.49,1
c1ccc2cc3cc4ccccc4cc3cc2c1,c1ccc2cc3cc4ccccc4cc3cc2c1,test,-8.6,1
c1ccc2cc3ccccc3cc2c1,c1ccc2cc3ccccc3cc2c1,train,-6.35,1
c1ccc2ccccc2c1,c1ccc2ccccc2c1,train,-3.6,1
c1ccc2cnccc2c1,c1ccc2cnccc2c1,test,-1.45,1
c1ccc2nc(-c3ccc4ccccc4n3)ccc2c1,c1ccc2nc(-c3ccc4ccccc4n3)ccc2c1,test,-5.4,1
c1ccc2nc3ccccc3cc2c1,c1ccc2nc3ccccc3cc2c1,test,-3.67,1
c1ccc2ncccc2c1,c1ccc2ncccc2c1,train,-1.3,1
c1ccc2ocnc2c1,c1ccc2ocnc2c1,test,-1.16,1
c1ccc2scnc2c1,c1ccc2scnc2c1,train,-1.5,1
c1ccccc1,c1ccccc1,train,-1.64,1
c1ccncc1,c1ccncc1,train,0.76,1
c1ccnnc1,c1ccnnc1,test,1.1,1
c1ccoc1,c1ccoc1,train,-0.82,1
c1ccsc1,c1ccsc1,test,-1.33,1
c1cnc2c(c1)ccc1ncccc12,c1cnc2c(c1)ccc1ncccc12,test,-2.68,1
c1cnc2ncncc2n1,c1cnc2ncncc2n1,train,0.02,1
c1cncnc1,c1cncnc1,train,1.1,1
